Group,Barcode,SampleName,Peptide,slope,r.seq,nobs
Pat31P,710418105,Pat31P_710418105_A1,CDN1A_139_151,10.435532677027586,0.9999859901224608,5
Pat31P,710418105,Pat31P_710418105_A1,LIPS_944_956,6.320566419429137,0.9924961945555595,5
Pat31P,710418105,Pat31P_710418105_A1,PLEK_106_118,8.59527507711494,0.999886258441496,5
Pat31P,710418105,Pat31P_710418105_A1,GRIK2_708_720,10.596752347442163,0.9999650951017163,5
Pat31P,710418105,Pat31P_710418105_A1,FOXO3_25_37,5.656863295530154,0.9957991432279916,5
Pat31P,710418105,Pat31P_710418105_A1,RBL2_655_667,5.8523381129365895,0.9980970265241033,5
Pat31P,710418105,Pat31P_710418105_A1,KAP2_92_104,8.731639238559591,0.9999640281505529,5
Pat31P,710418105,Pat31P_710418105_A1,RS6_228_240,8.806260820015025,0.99984844986327015,5
Pat31P,710418105,Pat31P_710418105_A1,ACM1_444_456,4.343541907993425,0.9547565641905263,5
Pat31P,710418105,Pat31P_710418105_A1,BAD_112_124,4.340857823422214,0.9750760803408399,5
Pat31P,710418105,Pat31P_710418105_A1,CENPA_1_14,5.471751890273166,0.9978541794437029,5
Pat31P,710418105,Pat31P_710418105_A1,NEK2_172_184,4.531822809127583,0.9971844067616696,5
Pat31P,710418105,Pat31P_710418105_A1,PPR1A_28_40,6.6972954487361855,0.9985211983574739,5
Pat31P,710418105,Pat31P_710418105_A1,ADRB2_338_350,8.166707866811455,0.9998971448691671,5
Pat31P,710418105,Pat31P_710418105_A1,RYR1_4317_4329,6.676156681678035,0.9999128628106645,5
Pat31P,710418105,Pat31P_710418105_A1,ACM4_456_468,4.013546531837948,0.9903443801697573,5
Pat31P,710418105,Pat31P_710418105_A1,BAD_69_81,3.117569596381177,0.9597242380261247,5
Pat31P,710418105,Pat31P_710418105_A1,KAPCG_192_206,3.815111365692039,0.9981275557787503,5
Pat31P,710418105,Pat31P_710418105_A1,MARCS_152_164,3.8794098591864117,0.9861894573040264,5
Pat31P,710418105,Pat31P_710418105_A1,NEK3_158_170,3.815111365692039,0.9981275557787503,5
Pat31P,710418105,Pat31P_710418105_A1,PRKDC_2618_2630,4.013546531837948,0.99605241694307,5
Pat31P,710418105,Pat31P_710418105_A1,REL_260_272,4.419284470379029,0.9927708983108422,5
Pat31P,710418105,Pat31P_710418105_A1,SCN7A_898_910,6.641676891715478,0.9992458539091714,5
Pat31P,710418105,Pat31P_710418105_A1,ACM5_494_506,4.883104342744153,0.9981132075471699,5
Pat31P,710418105,Pat31P_710418105_A1,BAD_93_105,6.2328055402758595,0.9995241498361828,5
Pat31P,710418105,Pat31P_710418105_A1,CSF1R_701_713,6.619147202602671,0.9979595288166002,5
Pat31P,710418105,Pat31P_710418105_A1,GPR6_349_361,4.237863830098888,0.9847559774687833,5
Pat31P,710418105,Pat31P_710418105_A1,MARCS_160_172,4.675091569011798,0.9974298709494896,5
Pat31P,710418105,Pat31P_710418105_A1,NMDZ1_890_902,7.305846660283191,0.9995831954597812,5
Pat31P,710418105,Pat31P_710418105_A1,PTK6_436_448,7.288539650416008,0.9987896015478389,5
Pat31P,710418105,Pat31P_710418105_A1,CAC1C_1974_1986,8.79772269458205,0.9999557020760779,5
Pat31P,710418105,Pat31P_710418105_A1,KPB1_1011_1023,7.7376459502462005,0.9997701709092125,5
Pat31P,710418105,Pat31P_710418105_A1,ACM5_498_510,4.753878977102553,0.9954339233210663,5
Pat31P,710418105,Pat31P_710418105_A1,BCKD_45_57,3.4668363998590492,0.9757785860422823,5
Pat31P,710418105,Pat31P_710418105_A1,GPSM2_394_406,4.552850315567404,0.9972265181977523,5
Pat31P,710418105,Pat31P_710418105_A1,MBP_222_234,4.879409859186412,0.9981952420016407,5
Pat31P,710418105,Pat31P_710418105_A1,NOS3_1171_1183,6.45447389884133,0.9991686199349917,5
Pat31P,710418105,Pat31P_710418105_A1,RAB1A_187_199,3.0135465318379477,0.9708713165147339,5
Pat31P,710418105,Pat31P_710418105_A1,STK6_283_295,8.534321237470133,0.9998696438620593,5
Pat31P,710418105,Pat31P_710418105_A1,CFTR_730_742,8.423571828782128,0.999922836477464,5
Pat31P,710418105,Pat31P_710418105_A1,MYPC3_268_280,9.906096441120946,0.9999880059873542,5
Pat31P,710418105,Pat31P_710418105_A1,VASP_271_283,6.187211994387451,0.9980703806508082,5
Pat31P,710418105,Pat31P_710418105_A1,ADDB_696_708,3.815111365692039,0.9831743339693308,5
Pat31P,710418105,Pat31P_710418105_A1,GSUB_61_73,4.030302760163526,0.9665377874007629,5
Pat31P,710418105,Pat31P_710418105_A1,NR4A1_344_356,4.527108115255531,0.9962931333564624,5
Pat31P,710418105,Pat31P_710418105_A1,RAF1_253_265,3.660096830781936,0.9848617814831067,5
Pat31P,710418105,Pat31P_710418105_A1,CGHB_109_121,6.652540610525774,0.9980265698346301,5
Pat31P,710418105,Pat31P_710418105_A1,NCF1_296_308,9.596330424537744,0.9998948476313639,5
Pat31P,710418105,Pat31P_710418105_A1,VTNC_390_402,9.183003293024003,0.9998951395643468,5
Pat31P,710418105,Pat31P_710418105_A1,ADDB_706_718,5.538866086131702,0.9988904317839303,5
Pat31P,710418105,Pat31P_710418105_A1,GYS2_1_13,6.994887076606347,0.9994191254688988,5
Pat31P,710418105,Pat31P_710418105_A1,RAP1B_172_184,3.933857643208788,0.9887576104647657,5
Pat31P,710418105,Pat31P_710418105_A1,CREB1_126_138,9.561594167620235,0.9999602884220115,5
Pat31P,710418105,Pat31P_710418105_A1,NCF1_321_333,8.615265260884682,0.9999000411649667,5
Pat31P,710418105,Pat31P_710418105_A1,CA2D1_494_506,4.493666666701606,0.9845824470289235,5
Pat31P,710418105,Pat31P_710418105_A1,H2B1B_ 27_40,5.387123195598511,0.9993670063218111,5
Pat31P,710418105,Pat31P_710418105_A1,KIF2C_105_118_S106G,6.545875144651066,0.9988018762025634,5
Pat31P,710418105,Pat31P_710418105_A1,MP2K1_287_299,5.169925001442313,0.9995343422584401,5
Pat31P,710418105,Pat31P_710418105_A1,RB_242_254,4.706707773073526,0.9939680760528883,5
Pat31P,710418105,Pat31P_710418105_A1,NFKB1_330_342,7.008904244535667,0.9994284969065389,5
Pat31P,710418105,Pat31P_710418105_A1,ANDR_785_797,5.781854549763739,0.9989727202236895,5
Pat31P,710418105,Pat31P_710418105_A1,ERBB2_679_691,7.504500472612878,0.9998930814731266,5
Pat31P,710418105,Pat31P_710418105_A1,H32_3_18,5.38060400221497,0.9963833752983878,5
Pat31P,710418105,Pat31P_710418105_A1,KPCB_19_31_A25S,6.657402721612673,0.9994210707885869,5
Pat31P,710418105,Pat31P_710418105_A1,P53_308_323,3.715023041285529,0.9978083546181099,5
Pat31P,710418105,Pat31P_710418105_A1,TOP2A_1463_1475,10.693717065509754,0.9999701481053976,5
Pat31P,710418105,Pat31P_710418105_A1,E1A_ADE05_212_224,8.12947743713809,0.9999422781029741,5
Pat31P,710418105,Pat31P_710418105_A1,KAP3_107_119,10.279150625290395,0.9999217920519187,5
Pat31P,710418105,Pat31P_710418105_A1,IF4E_203_215,4.184968881666762,0.9962435677530018,5
Pat31P,710418105,Pat31P_710418105_A1,MPIP1_172_184,4.767934572323972,0.9995474766068415,5
Pat31P,710418105,Pat31P_710418105_A1,VASP_150_162,6.854691996703821,0.9987109590248263,5
Pat31P,710418105,Pat31P_710418105_A1,EPB42_241_253,6.614154213435939,0.9994106646854086,5
Pat31P,710418105,Pat31P_710418105_A1,PTN12_32_44,9.583685967641951,0.9999282372146754,5
Pat31P,710418105,Pat31P_710418105_A1,CDK7_163_175,4.079434467494405,0.9467169811320754,5
Pat31P,710418105,Pat31P_710418105_A1,ESR1_160_172,7.42974227264525,0.9998534878886833,5
Pat31P,710418105,Pat31P_710418105_A1,KS6A1_374_386,4.834321969657873,0.9911487236403995,5
Pat31P,710418105,Pat31P_710418105_A1,RB_803_815,4.702532097102332,0.9915031863051356,5
Pat31P,710418105,Pat31P_710418105_A1,GBRB2_427_439,10.343500007552231,0.9999775043944202,5
Pat31P,710418105,Pat31P_710418105_A1,TY3H_65_77,9.434313503586417,0.999966937051615,5
Pat31P,710418105,Pat31P_710418105_A2,CDN1A_139_151,10.590551743826543,0.9999778133134481,5
Pat31P,710418105,Pat31P_710418105_A2,LIPS_944_956,7.413548100829885,0.9993725379605721,5
Pat31P,710418105,Pat31P_710418105_A2,PLEK_106_118,8.908590884598357,0.9999196945618883,5
Pat31P,710418105,Pat31P_710418105_A2,GRIK2_708_720,11.22422925374851,0.9999831202580849,5
Pat31P,710418105,Pat31P_710418105_A2,FOXO3_25_37,5.532999079099706,0.9995146920186422,5
Pat31P,710418105,Pat31P_710418105_A2,RBL2_655_667,6.509289506191823,0.9994624845425716,5
Pat31P,710418105,Pat31P_710418105_A2,KAP2_92_104,9.629768995397807,0.999930341467921,5
Pat31P,710418105,Pat31P_710418105_A2,RS6_228_240,9.6735590905885,0.9999739102640339,5
Pat31P,710418105,Pat31P_710418105_A2,ACM1_444_456,4.644944605549389,0.9932640379618122,5
Pat31P,710418105,Pat31P_710418105_A2,BAD_112_124,4.500898235932682,0.9945026105693527,5
Pat31P,710418105,Pat31P_710418105_A2,CENPA_1_14,5.596260092055542,0.9939066279632317,5
Pat31P,710418105,Pat31P_710418105_A2,NEK2_172_184,4.879409859186412,0.9981952420016407,5
Pat31P,710418105,Pat31P_710418105_A2,PPR1A_28_40,6.788764494746411,0.9994400276610037,5
Pat31P,710418105,Pat31P_710418105_A2,ADRB2_338_350,9.4158613270013,0.9999262093815131,5
Pat31P,710418105,Pat31P_710418105_A2,RYR1_4317_4329,7.538866086131702,0.9994569185270787,5
Pat31P,710418105,Pat31P_710418105_A2,ACM4_456_468,4.142444265020206,0.9933962264150943,5
Pat31P,710418105,Pat31P_710418105_A2,BAD_69_81,3.7759052834325515,0.9944830188679246,5
Pat31P,710418105,Pat31P_710418105_A2,KAPCG_192_206,3.815111365692039,0.9831743339693308,5
Pat31P,710418105,Pat31P_710418105_A2,MARCS_152_164,4.17294635341755,0.9910388202125352,5
Pat31P,710418105,Pat31P_710418105_A2,NEK3_158_170,3.7356039187079815,0.9962344099776144,5
Pat31P,710418105,Pat31P_710418105_A2,PRKDC_2618_2630,3.6296315500548846,0.990188679245283,5
Pat31P,710418105,Pat31P_710418105_A2,REL_260_272,5.883104342744153,0.9955296530841488,5
Pat31P,710418105,Pat31P_710418105_A2,SCN7A_898_910,7.865003701064439,0.999868073325663,5
Pat31P,710418105,Pat31P_710418105_A2,ACM5_494_506,5.204294297405187,0.9895594028612897,5
Pat31P,710418105,Pat31P_710418105_A2,BAD_93_105,6.208717484439371,0.9985262276887248,5
Pat31P,710418105,Pat31P_710418105_A2,CSF1R_701_713,7.4891284589931395,0.9997464370412744,5
Pat31P,710418105,Pat31P_710418105_A2,GPR6_349_361,4.383215215671508,0.9897051684520534,5
Pat31P,710418105,Pat31P_710418105_A2,MARCS_160_172,4.605234895747418,0.9898522448785363,5
Pat31P,710418105,Pat31P_710418105_A2,NMDZ1_890_902,8.281208334976057,0.9999382942464019,5
Pat31P,710418105,Pat31P_710418105_A2,PTK6_436_448,8.397493015920116,0.9995510712753211,5
Pat31P,710418105,Pat31P_710418105_A2,CAC1C_1974_1986,9.986486069189905,0.9999404335237378,5
Pat31P,710418105,Pat31P_710418105_A2,KPB1_1011_1023,9.285576699728505,0.999839202735681,5
Pat31P,710418105,Pat31P_710418105_A2,ACM5_498_510,5.011860155210061,0.9973191994433758,5
Pat31P,710418105,Pat31P_710418105_A2,BCKD_45_57,3.7356039187079815,0.98786269224671,5
Pat31P,710418105,Pat31P_710418105_A2,GPSM2_394_406,5.8237878070574896,0.9948385871797022,5
Pat31P,710418105,Pat31P_710418105_A2,MBP_222_234,5.040263870213727,0.9963102725366876,5
Pat31P,710418105,Pat31P_710418105_A2,NOS3_1171_1183,6.757405734677325,0.9993457806438122,5
Pat31P,710418105,Pat31P_710418105_A2,RAB1A_187_199,2.706707773073526,0.9571154461144867,5
Pat31P,710418105,Pat31P_710418105_A2,STK6_283_295,9.51190180036535,0.999907274413241,5
Pat31P,710418105,Pat31P_710418105_A2,CFTR_730_742,9.864419779479226,0.9998945912821455,5
Pat31P,710418105,Pat31P_710418105_A2,MYPC3_268_280,11.001116040645002,0.9999530620328958,5
Pat31P,710418105,Pat31P_710418105_A2,VASP_271_283,6.8223453523055415,0.9988706343838466,5
Pat31P,710418105,Pat31P_710418105_A2,ADDB_696_708,4.098628032727716,0.9845521853355624,5
Pat31P,710418105,Pat31P_710418105_A2,GSUB_61_73,3.7558953227010576,0.9750760803408399,5
Pat31P,710418105,Pat31P_710418105_A2,NR4A1_344_356,4.488825403632107,0.9984629269255719,5
Pat31P,710418105,Pat31P_710418105_A2,RAF1_253_265,3.803461005953113,0.9858850640933313,5
Pat31P,710418105,Pat31P_710418105_A2,CGHB_109_121,7.117961579820863,0.9992802842578499,5
Pat31P,710418105,Pat31P_710418105_A2,NCF1_296_308,10.120849173267688,0.9999905463747466,5
Pat31P,710418105,Pat31P_710418105_A2,VTNC_390_402,10.07131056649782,0.9999774522049545,5
Pat31P,710418105,Pat31P_710418105_A2,ADDB_706_718,5.565551194274936,0.9975647140043196,5
Pat31P,710418105,Pat31P_710418105_A2,GYS2_1_13,6.955074129118484,0.9998043107131561,5
Pat31P,710418105,Pat31P_710418105_A2,RAP1B_172_184,3.930291028188596,0.9934023128423616,5
Pat31P,710418105,Pat31P_710418105_A2,CREB1_126_138,10.51380206916332,0.9999617680785231,5
Pat31P,710418105,Pat31P_710418105_A2,NCF1_321_333,9.625777754484837,0.9998748685331453,5
Pat31P,710418105,Pat31P_710418105_A2,CA2D1_494_506,4.826668397114438,0.9981185025680852,5
Pat31P,710418105,Pat31P_710418105_A2,H2B1B_ 27_40,5.562098392369419,0.9998494648347303,5
Pat31P,710418105,Pat31P_710418105_A2,KIF2C_105_118_S106G,7.216059459780539,0.9984595643686626,5
Pat31P,710418105,Pat31P_710418105_A2,MP2K1_287_299,5.0762105666201185,0.9986704985630389,5
Pat31P,710418105,Pat31P_710418105_A2,RB_242_254,4.354228586790673,0.9951017919447174,5
Pat31P,710418105,Pat31P_710418105_A2,NFKB1_330_342,8.108327192124701,0.9992038687223225,5
Pat31P,710418105,Pat31P_710418105_A2,ANDR_785_797,6.336148625822311,0.9991719126007046,5
Pat31P,710418105,Pat31P_710418105_A2,ERBB2_679_691,7.852809197035759,0.9998914524824849,5
Pat31P,710418105,Pat31P_710418105_A2,H32_3_18,5.4766506896860045,0.9951400800457405,5
Pat31P,710418105,Pat31P_710418105_A2,KPCB_19_31_A25S,6.8447797719240935,0.999707569258353,5
Pat31P,710418105,Pat31P_710418105_A2,P53_308_323,3.822826330820044,0.9683583528439609,5
Pat31P,710418105,Pat31P_710418105_A2,TOP2A_1463_1475,11.235472385475207,0.9999902745460095,5
Pat31P,710418105,Pat31P_710418105_A2,E1A_ADE05_212_224,8.763682152132912,0.9999842009756501,5
Pat31P,710418105,Pat31P_710418105_A2,KAP3_107_119,11.061638661493062,0.99999751917801,5
Pat31P,710418105,Pat31P_710418105_A2,IF4E_203_215,4.175961391172981,0.9794288397507044,5
Pat31P,710418105,Pat31P_710418105_A2,MPIP1_172_184,4.696245834254901,0.9949804996310742,5
Pat31P,710418105,Pat31P_710418105_A2,VASP_150_162,8.370934098655558,0.9998414996129401,5
Pat31P,710418105,Pat31P_710418105_A2,EPB42_241_253,8.010594077866068,0.9995906912874004,5
Pat31P,710418105,Pat31P_710418105_A2,PTN12_32_44,10.084457434203694,0.9999939770458768,5
Pat31P,710418105,Pat31P_710418105_A2,CDK7_163_175,4.747812976403199,0.9922179597588663,5
Pat31P,710418105,Pat31P_710418105_A2,ESR1_160_172,7.982885979136153,0.999873546417853,5
Pat31P,710418105,Pat31P_710418105_A2,KS6A1_374_386,4.582692327096329,0.9932139514261786,5
Pat31P,710418105,Pat31P_710418105_A2,RB_803_815,4.753878977102553,0.9974927318491347,5
Pat31P,710418105,Pat31P_710418105_A2,GBRB2_427_439,11.047869843225,0.9999564216072556,5
Pat31P,710418105,Pat31P_710418105_A2,TY3H_65_77,10.570428561094987,0.9999955880580927,5
Pat31P,710418105,Pat31P_710418105_A3,CDN1A_139_151,10.313353676081382,0.9999912496332063,5
Pat31P,710418105,Pat31P_710418105_A3,LIPS_944_956,6.714504738768409,0.9998888451384271,5
Pat31P,710418105,Pat31P_710418105_A3,PLEK_106_118,8.353396534722572,0.9998799215876387,5
Pat31P,710418105,Pat31P_710418105_A3,GRIK2_708_720,10.82288644186111,0.9999864483616026,5
Pat31P,710418105,Pat31P_710418105_A3,FOXO3_25_37,5.36219196510109,0.9998653493343207,5
Pat31P,710418105,Pat31P_710418105_A3,RBL2_655_667,5.997445803332443,0.9987104304953048,5
Pat31P,710418105,Pat31P_710418105_A3,KAP2_92_104,9.152619679770535,0.9999475731019152,5
Pat31P,710418105,Pat31P_710418105_A3,RS6_228_240,9.054975402894586,0.9998858784740379,5
Pat31P,710418105,Pat31P_710418105_A3,ACM1_444_456,4.354228586790673,0.9951017919447174,5
Pat31P,710418105,Pat31P_710418105_A3,BAD_112_124,4.351564329263616,0.9968019889653293,5
Pat31P,710418105,Pat31P_710418105_A3,CENPA_1_14,5.371427355839994,0.998497369774813,5
Pat31P,710418105,Pat31P_710418105_A3,NEK2_172_184,4.517632251692483,0.9888859067607827,5
Pat31P,710418105,Pat31P_710418105_A3,PPR1A_28_40,6.7320233938117315,0.9998411188458752,5
Pat31P,710418105,Pat31P_710418105_A3,ADRB2_338_350,8.755769383628838,0.9997952285782424,5
Pat31P,710418105,Pat31P_710418105_A3,RYR1_4317_4329,6.7401944318149,0.9992864453248536,5
Pat31P,710418105,Pat31P_710418105_A3,ACM4_456_468,3.815111365692039,0.954572898799314,5
Pat31P,710418105,Pat31P_710418105_A3,BAD_69_81,3.255073120131111,0.9818837244976224,5
Pat31P,710418105,Pat31P_710418105_A3,KAPCG_192_206,3.7558953227010576,0.9483092859785424,5
Pat31P,710418105,Pat31P_710418105_A3,MARCS_152_164,3.7558953227010576,0.9910609341169192,5
Pat31P,710418105,Pat31P_710418105_A3,NEK3_158_170,3.5849625007211565,0.968527918781726,5
Pat31P,710418105,Pat31P_710418105_A3,PRKDC_2618_2630,3.6514579125080635,0.9915854421890369,5
Pat31P,710418105,Pat31P_710418105_A3,REL_260_272,5.101802280522859,0.9964622641509433,5
Pat31P,710418105,Pat31P_710418105_A3,SCN7A_898_910,7.247569302382555,0.9997256056587746,5
Pat31P,710418105,Pat31P_710418105_A3,ACM5_494_506,5.013546531837948,0.99605241694307,5
Pat31P,710418105,Pat31P_710418105_A3,BAD_93_105,6.269964673265912,0.9995709662461578,5
Pat31P,710418105,Pat31P_710418105_A3,CSF1R_701_713,6.8092979459753975,0.9999178129644954,5
Pat31P,710418105,Pat31P_710418105_A3,GPR6_349_361,4.370111628397328,0.9975551421737975,5
Pat31P,710418105,Pat31P_710418105_A3,MARCS_160_172,4.771925432520007,0.9949812080027334,5
Pat31P,710418105,Pat31P_710418105_A3,NMDZ1_890_902,7.674025669413338,0.9997949873275134,5
Pat31P,710418105,Pat31P_710418105_A3,PTK6_436_448,7.719162771646453,0.9996802285785369,5
Pat31P,710418105,Pat31P_710418105_A3,CAC1C_1974_1986,9.30610469141171,0.9999671830972802,5
Pat31P,710418105,Pat31P_710418105_A3,KPB1_1011_1023,8.30412527236761,0.9999426465264375,5
Pat31P,710418105,Pat31P_710418105_A3,ACM5_498_510,4.803461005953113,0.9992336046129703,5
Pat31P,710418105,Pat31P_710418105_A3,BCKD_45_57,3.3648366863566537,0.9833619210977702,5
Pat31P,710418105,Pat31P_710418105_A3,GPSM2_394_406,5.008481476755091,0.9991609678393892,5
Pat31P,710418105,Pat31P_710418105_A3,MBP_222_234,4.979438677517684,0.9952239231043076,5
Pat31P,710418105,Pat31P_710418105_A3,NOS3_1171_1183,6.419284470379029,0.9986960590540022,5
Pat31P,710418105,Pat31P_710418105_A3,RAB1A_187_199,2.9725192635778934,0.9717879604672057,5
Pat31P,710418105,Pat31P_710418105_A3,STK6_283_295,9.054156329682101,0.999922094751748,5
Pat31P,710418105,Pat31P_710418105_A3,CFTR_730_742,8.96131317509485,0.9999640711939407,5
Pat31P,710418105,Pat31P_710418105_A3,MYPC3_268_280,10.375695201831347,0.9999889191580947,5
Pat31P,710418105,Pat31P_710418105_A3,VASP_271_283,6.392317422778761,0.9983128670581954,5
Pat31P,710418105,Pat31P_710418105_A3,ADDB_696_708,4.260764232208967,0.9896609909495321,5
Pat31P,710418105,Pat31P_710418105_A3,GSUB_61_73,4.030302760163526,0.993687725249099,5
Pat31P,710418105,Pat31P_710418105_A3,NR4A1_344_356,4.414186602739351,0.9988579116993649,5
Pat31P,710418105,Pat31P_710418105_A3,RAF1_253_265,4.0269670476002695,0.9863326462660537,5
Pat31P,710418105,Pat31P_710418105_A3,CGHB_109_121,6.712429664637363,0.9992729470036722,5
Pat31P,710418105,Pat31P_710418105_A3,NCF1_296_308,9.787902559391432,0.9999470778882146,5
Pat31P,710418105,Pat31P_710418105_A3,VTNC_390_402,9.571645330730039,0.9999546165103733,5
Pat31P,710418105,Pat31P_710418105_A3,ADDB_706_718,5.817043978226038,0.9981959419875049,5
Pat31P,710418105,Pat31P_710418105_A3,GYS2_1_13,7.043981626134517,0.9994196685057588,5
Pat31P,710418105,Pat31P_710418105_A3,RAP1B_172_184,4.383215215671508,0.9948243331164606,5
Pat31P,710418105,Pat31P_710418105_A3,CREB1_126_138,9.894245787309933,0.9999691556390792,5
Pat31P,710418105,Pat31P_710418105_A3,NCF1_321_333,8.985680859010555,0.9999673423251833,5
Pat31P,710418105,Pat31P_710418105_A3,CA2D1_494_506,4.620807699667878,0.9976156951093589,5
Pat31P,710418105,Pat31P_710418105_A3,H2B1B_ 27_40,5.623018726983232,0.9941863243977361,5
Pat31P,710418105,Pat31P_710418105_A3,KIF2C_105_118_S106G,6.796131464154624,0.9986694808499663,5
Pat31P,710418105,Pat31P_710418105_A3,MP2K1_287_299,5.187958924272574,0.9958550328694613,5
Pat31P,710418105,Pat31P_710418105_A3,RB_242_254,4.700439718141093,0.9974387527839644,5
Pat31P,710418105,Pat31P_710418105_A3,NFKB1_330_342,7.47512160099926,0.9993973826492056,5
Pat31P,710418105,Pat31P_710418105_A3,ANDR_785_797,5.988899006766751,0.9989381061541175,5
Pat31P,710418105,Pat31P_710418105_A3,ERBB2_679_691,7.620531082843929,0.9998954008353963,5
Pat31P,710418105,Pat31P_710418105_A3,H32_3_18,5.44700522793748,0.9962025599546753,5
Pat31P,710418105,Pat31P_710418105_A3,KPCB_19_31_A25S,6.705664986587295,0.9997498912144389,5
Pat31P,710418105,Pat31P_710418105_A3,P53_308_323,3.886789389552009,0.9828205948193156,5
Pat31P,710418105,Pat31P_710418105_A3,TOP2A_1463_1475,10.809419298125942,0.9999937017688877,5
Pat31P,710418105,Pat31P_710418105_A3,E1A_ADE05_212_224,8.24864366885213,0.9998762537008455,5
Pat31P,710418105,Pat31P_710418105_A3,KAP3_107_119,10.691710603848819,0.9999741504761683,5
Pat31P,710418105,Pat31P_710418105_A3,IF4E_203_215,4.411630897835594,0.9903979077152999,5
Pat31P,710418105,Pat31P_710418105_A3,MPIP1_172_184,4.799556551497197,0.996731511813041,5
Pat31P,710418105,Pat31P_710418105_A3,VASP_150_162,7.404257926352346,0.9988173965971714,5
Pat31P,710418105,Pat31P_710418105_A3,EPB42_241_253,7.2996400276855775,0.9995736337643064,5
Pat31P,710418105,Pat31P_710418105_A3,PTN12_32_44,9.47917014823383,0.9999016567350154,5
Pat31P,710418105,Pat31P_710418105_A3,CDK7_163_175,4.456954888345085,0.9625028415548987,5
Pat31P,710418105,Pat31P_710418105_A3,ESR1_160_172,7.664665301712269,0.9994904045961419,5
Pat31P,710418105,Pat31P_710418105_A3,KS6A1_374_386,4.591751666383796,0.9940864272671941,5
Pat31P,710418105,Pat31P_710418105_A3,RB_803_815,4.942735794555241,0.9986093362399459,5
Pat31P,710418105,Pat31P_710418105_A3,GBRB2_427_439,10.584040673478293,0.9999679311607127,5
Pat31P,710418105,Pat31P_710418105_A3,TY3H_65_77,9.905642442205739,0.9999630149341598,5
Pat31R,710418105,Pat31R_710418105_A4,CDN1A_139_151,8.805409277742635,0.9998585620532316,5
Pat31R,710418105,Pat31R_710418105_A4,LIPS_944_956,4.348895142487632,0.9985275485395335,5
Pat31R,710418105,Pat31R_710418105_A4,PLEK_106_118,6.314422925230493,0.9988369795152098,5
Pat31R,710418105,Pat31R_710418105_A4,GRIK2_708_720,8.704751929707108,0.9999438837775043,5
Pat31R,710418105,Pat31R_710418105_A4,FOXO3_25_37,5.171436468359912,0.9964110519933138,5
Pat31R,710418105,Pat31R_710418105_A4,RBL2_655_667,4.598509032559104,0.9970101596516692,5
Pat31R,710418105,Pat31R_710418105_A4,KAP2_92_104,6.6307307463296885,0.9995457319238558,5
Pat31R,710418105,Pat31R_710418105_A4,RS6_228_240,6.738665883156045,0.9989510197310569,5
Pat31R,710418105,Pat31R_710418105_A4,ACM1_444_456,4.030302760163526,0.993687725249099,5
Pat31R,710418105,Pat31R_710418105_A4,BAD_112_124,3.681470481574503,0.9959507193934695,5
Pat31R,710418105,Pat31R_710418105_A4,CENPA_1_14,4.642766952244019,0.9938407111756168,5
Pat31R,710418105,Pat31R_710418105_A4,NEK2_172_184,4.036951136172892,0.9945078046985862,5
Pat31R,710418105,Pat31R_710418105_A4,PPR1A_28_40,5.943620612148686,0.9974506554279029,5
Pat31R,710418105,Pat31R_710418105_A4,ADRB2_338_350,5.932075437866779,0.9960635703333371,5
Pat31R,710418105,Pat31R_710418105_A4,RYR1_4317_4329,4.552850315567404,0.9958660454580556,5
Pat31R,710418105,Pat31R_710418105_A4,ACM4_456_468,3.3381687358945733,0.9749423103027012,5
Pat31R,710418105,Pat31R_710418105_A4,BAD_69_81,2.9374154626219773,0.9719103773584905,5
Pat31R,710418105,Pat31R_710418105_A4,KAPCG_192_206,3.255073120131111,0.9899319517476028,5
Pat31R,710418105,Pat31R_710418105_A4,MARCS_152_164,3.9445048874082964,0.9845862660436505,5
Pat31R,710418105,Pat31R_710418105_A4,NEK3_158_170,3.3910206181603084,0.9919650879219611,5
Pat31R,710418105,Pat31R_710418105_A4,PRKDC_2618_2630,3.255073120131111,0.9899319517476028,5
Pat31R,710418105,Pat31R_710418105_A4,REL_260_272,2.9725192635778934,0.9834962491475335,5
Pat31R,710418105,Pat31R_710418105_A4,SCN7A_898_910,4.813176160786325,0.9898081107108464,5
Pat31R,710418105,Pat31R_710418105_A4,ACM5_494_506,4.517632251692483,0.9988315983517676,5
Pat31R,710418105,Pat31R_710418105_A4,BAD_93_105,5.992323803724367,0.999209681836375,5
Pat31R,710418105,Pat31R_710418105_A4,CSF1R_701_713,4.7376459502462005,0.9875511212091277,5
Pat31R,710418105,Pat31R_710418105_A4,GPR6_349_361,3.841935153767749,0.99073756432247,5
Pat31R,710418105,Pat31R_710418105_A4,MARCS_160_172,4.56440117823884,0.9876868577745396,5
Pat31R,710418105,Pat31R_710418105_A4,NMDZ1_890_902,5.555167898460803,0.9980495644627302,5
Pat31R,710418105,Pat31R_710418105_A4,PTK6_436_448,5.056714390994322,0.9944316612977451,5
Pat31R,710418105,Pat31R_710418105_A4,CAC1C_1974_1986,6.1033867892388525,0.9983351477496226,5
Pat31R,710418105,Pat31R_710418105_A4,KPB1_1011_1023,4.634023319172043,0.9962356189599632,5
Pat31R,710418105,Pat31R_710418105_A4,ACM5_498_510,4.419284470379029,0.9863138518177635,5
Pat31R,710418105,Pat31R_710418105_A4,BCKD_45_57,2.8266683971144384,0.9806881243063263,5
Pat31R,710418105,Pat31R_710418105_A4,GPSM2_394_406,2.8645365827048814,0.9010401548137398,5
Pat31R,710418105,Pat31R_710418105_A4,MBP_222_234,4.733558992722957,0.9987039604557236,5
Pat31R,710418105,Pat31R_710418105_A4,NOS3_1171_1183,5.181972629206843,0.9972134521513313,5
Pat31R,710418105,Pat31R_710418105_A4,RAB1A_187_199,3.072979445357106,0.9876663356504468,5
Pat31R,710418105,Pat31R_710418105_A4,STK6_283_295,6.466220784299937,0.9983448965674018,5
Pat31R,710418105,Pat31R_710418105_A4,CFTR_730_742,5.598509032559104,0.9963714599978244,5
Pat31R,710418105,Pat31R_710418105_A4,MYPC3_268_280,7.849036210142893,0.999871173056367,5
Pat31R,710418105,Pat31R_710418105_A4,VASP_271_283,4.56440117823884,0.9876868577745396,5
Pat31R,710418105,Pat31R_710418105_A4,ADDB_696_708,3.860794181019065,0.9917369195771444,5
Pat31R,710418105,Pat31R_710418105_A4,GSUB_61_73,3.1789701410453195,0.9533267130089375,5
Pat31R,710418105,Pat31R_710418105_A4,NR4A1_344_356,4.255073120131112,0.9960552421707839,5
Pat31R,710418105,Pat31R_710418105_A4,RAF1_253_265,2.706707773073526,0.9736174365647364,5
Pat31R,710418105,Pat31R_710418105_A4,CGHB_109_121,4.830500258705466,0.9941350306887929,5
Pat31R,710418105,Pat31R_710418105_A4,NCF1_296_308,7.511081303202384,0.9999258000563988,5
Pat31R,710418105,Pat31R_710418105_A4,VTNC_390_402,7.282607651323286,0.9997049721356047,5
Pat31R,710418105,Pat31R_710418105_A4,ADDB_706_718,4.681470481574503,0.997088948787062,5
Pat31R,710418105,Pat31R_710418105_A4,GYS2_1_13,6.8237878070574896,0.9992819189042942,5
Pat31R,710418105,Pat31R_710418105_A4,RAP1B_172_184,3.288887833123355,0.917158873393492,5
Pat31R,710418105,Pat31R_710418105_A4,CREB1_126_138,7.331085940637912,0.9996326448145875,5
Pat31R,710418105,Pat31R_710418105_A4,NCF1_321_333,6.319885099444391,0.9991748766550957,5
Pat31R,710418105,Pat31R_710418105_A4,CA2D1_494_506,4.2522191230759585,0.9982971893838566,5
Pat31R,710418105,Pat31R_710418105_A4,H2B1B_ 27_40,4.202816882999687,0.9962933522988746,5
Pat31R,710418105,Pat31R_710418105_A4,KIF2C_105_118_S106G,4.822826330820044,0.9946773708687733,5
Pat31R,710418105,Pat31R_710418105_A4,MP2K1_287_299,4.915935735211526,0.9971487777137249,5
Pat31R,710418105,Pat31R_710418105_A4,RB_242_254,3.9794386775176838,0.9959756028045375,5
Pat31R,710418105,Pat31R_710418105_A4,NFKB1_330_342,4.375367353848823,0.9857594421090364,5
Pat31R,710418105,Pat31R_710418105_A4,ANDR_785_797,4.717094391305224,0.997411049746443,5
Pat31R,710418105,Pat31R_710418105_A4,ERBB2_679_691,6.326683863397474,0.9996594979306932,5
Pat31R,710418105,Pat31R_710418105_A4,H32_3_18,4.414186602739351,0.9988579116993649,5
Pat31R,710418105,Pat31R_710418105_A4,KPCB_19_31_A25S,5.025296294615756,0.9980287843053173,5
Pat31R,710418105,Pat31R_710418105_A4,P53_308_323,3.5940076403241634,0.9660377358490565,5
Pat31R,710418105,Pat31R_710418105_A4,TOP2A_1463_1475,8.494723530888498,0.999945950630897,5
Pat31R,710418105,Pat31R_710418105_A4,E1A_ADE05_212_224,6.389722646825893,0.9996383934627369,5
Pat31R,710418105,Pat31R_710418105_A4,KAP3_107_119,8.56641310510863,0.9998744337804637,5
Pat31R,710418105,Pat31R_710418105_A4,IF4E_203_215,3.9159357352115256,0.9833446008235511,5
Pat31R,710418105,Pat31R_710418105_A4,MPIP1_172_184,4.1577759187761965,0.9979437084615728,5
Pat31R,710418105,Pat31R_710418105_A4,VASP_150_162,4.223364260403773,0.9920843793019678,5
Pat31R,710418105,Pat31R_710418105_A4,EPB42_241_253,4.536522145663403,0.9994846995401935,5
Pat31R,710418105,Pat31R_710418105_A4,PTN12_32_44,7.449810512470073,0.9992453295718523,5
Pat31R,710418105,Pat31R_710418105_A4,CDK7_163_175,4.580418575576208,0.988797323559076,5
Pat31R,710418105,Pat31R_710418105_A4,ESR1_160_172,5.781854549763739,0.9977302168403267,5
Pat31R,710418105,Pat31R_710418105_A4,KS6A1_374_386,3.7518598094659006,0.9467315406328926,5
Pat31R,710418105,Pat31R_710418105_A4,RB_803_815,4.020272395026262,0.9827265479670476,5
Pat31R,710418105,Pat31R_710418105_A4,GBRB2_427_439,8.428952663386367,0.9999208686728055,5
Pat31R,710418105,Pat31R_710418105_A4,TY3H_65_77,7.105760294091543,0.9996338365080009,5
Pat31R,710418106,Pat31R_710418106_A1,CDN1A_139_151,10.262715378439824,0.9999856836672976,5
Pat31R,710418106,Pat31R_710418106_A1,LIPS_944_956,6.021948972833646,0.9990849056603773,5
Pat31R,710418106,Pat31R_710418106_A1,PLEK_106_118,8.457574469647668,0.9998148240523211,5
Pat31R,710418106,Pat31R_710418106_A1,GRIK2_708_720,10.336022274974233,0.9999919703560649,5
Pat31R,710418106,Pat31R_710418106_A1,FOXO3_25_37,5.443256343088573,0.9930003435964087,5
Pat31R,710418106,Pat31R_710418106_A1,RBL2_655_667,5.898701197795172,0.9945493104573343,5
Pat31R,710418106,Pat31R_710418106_A1,KAP2_92_104,8.260764232208967,0.9998458408431564,5
Pat31R,710418106,Pat31R_710418106_A1,RS6_228_240,8.632240775055942,0.9998736199936334,5
Pat31R,710418106,Pat31R_710418106_A1,ACM1_444_456,4.377988054007958,0.985941610106193,5
Pat31R,710418106,Pat31R_710418106_A1,BAD_112_124,4.515253528909752,0.9984122668696644,5
Pat31R,710418106,Pat31R_710418106_A1,CENPA_1_14,5.388423506674269,0.9977326099279294,5
Pat31R,710418106,Pat31R_710418106_A1,NEK2_172_184,4.897788388501266,0.9928728244614847,5
Pat31R,710418106,Pat31R_710418106_A1,PPR1A_28_40,6.579280354577611,0.9995370579362497,5
Pat31R,710418106,Pat31R_710418106_A1,ADRB2_338_350,7.962732344785284,0.9998529228411125,5
Pat31R,710418106,Pat31R_710418106_A1,RYR1_4317_4329,6.605234895747418,0.9997807103183306,5
Pat31R,710418106,Pat31R_710418106_A1,ACM4_456_468,3.755895322701057,0.9870157874470542,5
Pat31R,710418106,Pat31R_710418106_A1,BAD_69_81,3.3910206181603084,0.9919650879219611,5
Pat31R,710418106,Pat31R_710418106_A1,KAPCG_192_206,3.8719923876239286,0.9966501158556769,5
Pat31R,710418106,Pat31R_710418106_A1,MARCS_152_164,4.095446785483036,0.9979041042598715,5
Pat31R,710418106,Pat31R_710418106_A1,NEK3_158_170,3.9620775168562465,0.9872033800208359,5
Pat31R,710418106,Pat31R_710418106_A1,PRKDC_2618_2630,4.095446785483036,0.9902475510302562,5
Pat31R,710418106,Pat31R_710418106_A1,REL_260_272,4.4766506896860045,0.99665015603974,5
Pat31R,710418106,Pat31R_710418106_A1,SCN7A_898_910,6.313738697074016,0.9988410409951403,5
Pat31R,710418106,Pat31R_710418106_A1,ACM5_494_506,5.1409021002118,0.9918707949942704,5
Pat31R,710418106,Pat31R_710418106_A1,BAD_93_105,6.0664954117869065,0.99836864145246,5
Pat31R,710418106,Pat31R_710418106_A1,CSF1R_701_713,6.4332114284211075,0.9993463591442069,5
Pat31R,710418106,Pat31R_710418106_A1,GPR6_349_361,4.111283333533745,0.9796562675135438,5
Pat31R,710418106,Pat31R_710418106_A1,MARCS_160_172,4.7739167303390975,0.9967289276571537,5
Pat31R,710418106,Pat31R_710418106_A1,NMDZ1_890_902,7.5033007261479865,0.9998790639654735,5
Pat31R,710418106,Pat31R_710418106_A1,PTK6_436_448,7.530645579326734,0.9998209400232362,5
Pat31R,710418106,Pat31R_710418106_A1,CAC1C_1974_1986,8.518671710878639,0.9999464452179782,5
Pat31R,710418106,Pat31R_710418106_A1,KPB1_1011_1023,7.444819562486168,0.9999295906453597,5
Pat31R,710418106,Pat31R_710418106_A1,ACM5_498_510,4.534174390806981,0.993454200484874,5
Pat31R,710418106,Pat31R_710418106_A1,BCKD_45_57,3.283306800860055,0.9889169514188085,5
Pat31R,710418106,Pat31R_710418106_A1,GPSM2_394_406,4.575860293613904,0.9968653289408006,5
Pat31R,710418106,Pat31R_710418106_A1,MBP_222_234,5.011860155210061,0.9973191994433758,5
Pat31R,710418106,Pat31R_710418106_A1,NOS3_1171_1183,6.856572342412676,0.9995178891834002,5
Pat31R,710418106,Pat31R_710418106_A1,RAB1A_187_199,2.3806040022149704,0.9711371749107598,5
Pat31R,710418106,Pat31R_710418106_A1,STK6_283_295,8.426581239301566,0.9998661920972037,5
Pat31R,710418106,Pat31R_710418106_A1,CFTR_730_742,8.080038147693278,0.9998246431325397,5
Pat31R,710418106,Pat31R_710418106_A1,MYPC3_268_280,9.66928621585525,0.9999831154947201,5
Pat31R,710418106,Pat31R_710418106_A1,VASP_271_283,6.182722275906427,0.9996776212494807,5
Pat31R,710418106,Pat31R_710418106_A1,ADDB_696_708,4.302746681683742,0.9963174765061558,5
Pat31R,710418106,Pat31R_710418106_A1,GSUB_61_73,3.905074742579759,0.9592757151552038,5
Pat31R,710418106,Pat31R_710418106_A1,NR4A1_344_356,4.5689957523160905,0.9913578390839158,5
Pat31R,710418106,Pat31R_710418106_A1,RAF1_253_265,3.6686843266186595,0.9784526578788663,5
Pat31R,710418106,Pat31R_710418106_A1,CGHB_109_121,6.469910543448997,0.9997066720778632,5
Pat31R,710418106,Pat31R_710418106_A1,NCF1_296_308,9.398380704128783,0.9999410263036568,5
Pat31R,710418106,Pat31R_710418106_A1,VTNC_390_402,8.895389512628187,0.9999342604438077,5
Pat31R,710418106,Pat31R_710418106_A1,ADDB_706_718,5.438242628082914,0.9939925311328284,5
Pat31R,710418106,Pat31R_710418106_A1,GYS2_1_13,6.78432618826598,0.9990423187618408,5
Pat31R,710418106,Pat31R_710418106_A1,RAP1B_172_184,4.148596492001801,0.9947313910028369,5
Pat31R,710418106,Pat31R_710418106_A1,CREB1_126_138,9.428162621725482,0.9999174519863773,5
Pat31R,710418106,Pat31R_710418106_A1,NCF1_321_333,8.3823997190465,0.9996315744328687,5
Pat31R,710418106,Pat31R_710418106_A1,CA2D1_494_506,4.340857823422213,0.9928694394711473,5
Pat31R,710418106,Pat31R_710418106_A1,H2B1B_ 27_40,5.5505290036572825,0.999827589559446,5
Pat31R,710418106,Pat31R_710418106_A1,KIF2C_105_118_S106G,6.621360774254253,0.99946861463916,5
Pat31R,710418106,Pat31R_710418106_A1,MP2K1_287_299,5.051798900580205,0.9991865713140301,5
Pat31R,710418106,Pat31R_710418106_A1,RB_242_254,4.237863830098888,0.9930486593843099,5
Pat31R,710418106,Pat31R_710418106_A1,NFKB1_330_342,6.590622355139525,0.9993008021472298,5
Pat31R,710418106,Pat31R_710418106_A1,ANDR_785_797,5.8044354707256485,0.9979303065184653,5
Pat31R,710418106,Pat31R_710418106_A1,ERBB2_679_691,7.667078059938473,0.9998712978751052,5
Pat31R,710418106,Pat31R_710418106_A1,H32_3_18,4.956828165858426,0.9992019118710077,5
Pat31R,710418106,Pat31R_710418106_A1,KPCB_19_31_A25S,6.485183765078708,0.9995984491339343,5
Pat31R,710418106,Pat31R_710418106_A1,P53_308_323,3.607469900130726,0.9842358490566038,5
Pat31R,710418106,Pat31R_710418106_A1,TOP2A_1463_1475,10.458309877011356,0.9999501248630108,5
Pat31R,710418106,Pat31R_710418106_A1,E1A_ADE05_212_224,7.862666595351835,0.9996317223287257,5
Pat31R,710418106,Pat31R_710418106_A1,KAP3_107_119,10.022053694282599,0.9999225662896583,5
Pat31R,710418106,Pat31R_710418106_A1,IF4E_203_215,4.059982104828232,0.9908906471900994,5
Pat31R,710418106,Pat31R_710418106_A1,MPIP1_172_184,4.534174390806981,0.9948436469191185,5
Pat31R,710418106,Pat31R_710418106_A1,VASP_150_162,6.471751890273166,0.9990002600479645,5
Pat31R,710418106,Pat31R_710418106_A1,EPB42_241_253,6.472978150475245,0.9995519318878747,5
Pat31R,710418106,Pat31R_710418106_A1,PTN12_32_44,9.224456797404784,0.9999922956876862,5
Pat31R,710418106,Pat31R_710418106_A1,CDK7_163_175,4.7315111640740986,0.9791879877506668,5
Pat31R,710418106,Pat31R_710418106_A1,ESR1_160_172,7.247927513443586,0.9994058306943946,5
Pat31R,710418106,Pat31R_710418106_A1,KS6A1_374_386,4.4815329110657505,0.9958626960672881,5
Pat31R,710418106,Pat31R_710418106_A1,RB_803_815,4.892299370944287,0.9937251315620588,5
Pat31R,710418106,Pat31R_710418106_A1,GBRB2_427_439,10.055794011351693,0.9999909324659136,5
Pat31R,710418106,Pat31R_710418106_A1,TY3H_65_77,9.15367152044346,0.9999668972998494,5
Pat31R,710418106,Pat31R_710418106_A2,CDN1A_139_151,9.679679261327205,0.9999843097219808,5
Pat31R,710418106,Pat31R_710418106_A2,LIPS_944_956,5.821864213384661,0.9977934874798511,5
Pat31R,710418106,Pat31R_710418106_A2,PLEK_106_118,7.501198766095396,0.9994900994564068,5
Pat31R,710418106,Pat31R_710418106_A2,GRIK2_708_720,9.84809141964358,0.9999721497865411,5
Pat31R,710418106,Pat31R_710418106_A2,FOXO3_25_37,5.640586006944493,0.9986423322628939,5
Pat31R,710418106,Pat31R_710418106_A2,RBL2_655_667,5.257921482440142,0.9984521115955681,5
Pat31R,710418106,Pat31R_710418106_A2,KAP2_92_104,7.927833855581018,0.9998767958961099,5
Pat31R,710418106,Pat31R_710418106_A2,RS6_228_240,8.020482073834986,0.9999569378798823,5
Pat31R,710418106,Pat31R_710418106_A2,ACM1_444_456,4.416737788268684,0.9941534260178749,5
Pat31R,710418106,Pat31R_710418106_A2,BAD_112_124,4.126947928697037,0.9841114630675297,5
Pat31R,710418106,Pat31R_710418106_A2,CENPA_1_14,4.919537971891721,0.9988415249631183,5
Pat31R,710418106,Pat31R_710418106_A2,NEK2_172_184,4.942735794555241,0.9986093362399459,5
Pat31R,710418106,Pat31R_710418106_A2,PPR1A_28_40,6.409711143672229,0.9978511639610453,5
Pat31R,710418106,Pat31R_710418106_A2,ADRB2_338_350,7.255429473113259,0.9998652770298251,5
Pat31R,710418106,Pat31R_710418106_A2,RYR1_4317_4329,6.016072406496976,0.9986469555651379,5
Pat31R,710418106,Pat31R_710418106_A2,ACM4_456_468,3.841935153767749,0.923568915893828,5
Pat31R,710418106,Pat31R_710418106_A2,BAD_69_81,3.1362656900910815,0.8830351333767079,5
Pat31R,710418106,Pat31R_710418106_A2,KAPCG_192_206,3.4420045468791134,0.960111123972682,5
Pat31R,710418106,Pat31R_710418106_A2,MARCS_152_164,4.013546531837948,0.9819039451114923,5
Pat31R,710418106,Pat31R_710418106_A2,NEK3_158_170,3.348895142487632,0.955188679245283,5
Pat31R,710418106,Pat31R_710418106_A2,PRKDC_2618_2630,3.416737788268683,0.9749117468046257,5
Pat31R,710418106,Pat31R_710418106_A2,REL_260_272,4,0.9947214076246333,5
Pat31R,710418106,Pat31R_710418106_A2,SCN7A_898_910,5.857980995127572,0.9996187485983404,5
Pat31R,710418106,Pat31R_710418106_A2,ACM5_494_506,4.687821313726891,0.9979228169255123,5
Pat31R,710418106,Pat31R_710418106_A2,BAD_93_105,6.132390600356283,0.9991618431932646,5
Pat31R,710418106,Pat31R_710418106_A2,CSF1R_701_713,5.748825749376268,0.9993134910089467,5
Pat31R,710418106,Pat31R_710418106_A2,GPR6_349_361,4.17897014104532,0.9879931389365352,5
Pat31R,710418106,Pat31R_710418106_A2,MARCS_160_172,4.340857823422213,0.9965063238648144,5
Pat31R,710418106,Pat31R_710418106_A2,NMDZ1_890_902,6.604116093798452,0.9992653703144053,5
Pat31R,710418106,Pat31R_710418106_A2,PTK6_436_448,6.756398969081068,0.9989819377625025,5
Pat31R,710418106,Pat31R_710418106_A2,CAC1C_1974_1986,7.777394901573039,0.9998037813934243,5
Pat31R,710418106,Pat31R_710418106_A2,KPB1_1011_1023,6.564976300845974,0.9992858254042333,5
Pat31R,710418106,Pat31R_710418106_A2,ACM5_498_510,4.555167898460803,0.9949984618539787,5
Pat31R,710418106,Pat31R_710418106_A2,BCKD_45_57,2.664396968215561,0.9682332761578045,5
Pat31R,710418106,Pat31R_710418106_A2,GPSM2_394_406,3.8941313648931772,0.9828795745219704,5
Pat31R,710418106,Pat31R_710418106_A2,MBP_222_234,4.739685095519798,0.9862159875656639,5
Pat31R,710418106,Pat31R_710418106_A2,NOS3_1171_1183,6.093853527407369,0.9990820680001586,5
Pat31R,710418106,Pat31R_710418106_A2,RAB1A_187_199,2.575860293613904,0.8887148451406194,5
Pat31R,710418106,Pat31R_710418106_A2,STK6_283_295,7.935859996119936,0.9993634822663154,5
Pat31R,710418106,Pat31R_710418106_A2,CFTR_730_742,7.306534640763987,0.9989716816510313,5
Pat31R,710418106,Pat31R_710418106_A2,MYPC3_268_280,9.037054774335422,0.9999084215584392,5
Pat31R,710418106,Pat31R_710418106_A2,VASP_271_283,5.688877073042861,0.9996677918590282,5
Pat31R,710418106,Pat31R_710418106_A2,ADDB_696_708,3.996593398556751,0.984262060619396,5
Pat31R,710418106,Pat31R_710418106_A2,GSUB_61_73,3.7838321992041806,0.9935491088075173,5
Pat31R,710418106,Pat31R_710418106_A2,NR4A1_344_356,4.5033007261479865,0.987697566311184,5
Pat31R,710418106,Pat31R_710418106_A2,RAF1_253_265,3.7232906572691298,0.983540746688077,5
Pat31R,710418106,Pat31R_710418106_A2,CGHB_109_121,5.9820249256692986,0.9999305016002452,5
Pat31R,710418106,Pat31R_710418106_A2,NCF1_296_308,8.709441506881225,0.9998560927896402,5
Pat31R,710418106,Pat31R_710418106_A2,VTNC_390_402,8.408429886890957,0.999850106377114,5
Pat31R,710418106,Pat31R_710418106_A2,ADDB_706_718,4.981163357987144,0.9991143627262224,5
Pat31R,710418106,Pat31R_710418106_A2,GYS2_1_13,6.656323667679879,0.9993326992740954,5
Pat31R,710418106,Pat31R_710418106_A2,RAP1B_172_184,3.7639326417664756,0.9860012172854534,5
Pat31R,710418106,Pat31R_710418106_A2,CREB1_126_138,8.602996423551417,0.9999616299239126,5
Pat31R,710418106,Pat31R_710418106_A2,NCF1_321_333,7.707749806373352,0.9997872834599372,5
Pat31R,710418106,Pat31R_710418106_A2,CA2D1_494_506,4.471751890273166,0.9959498775745356,5
Pat31R,710418106,Pat31R_710418106_A2,H2B1B_ 27_40,4.483967839982805,0.993246525816292,5
Pat31R,710418106,Pat31R_710418106_A2,KIF2C_105_118_S106G,5.919537971891721,0.9980201092353526,5
Pat31R,710418106,Pat31R_710418106_A2,MP2K1_287_299,4.6857074744609735,0.9983986949148904,5
Pat31R,710418106,Pat31R_710418106_A2,RB_242_254,4.288887833123355,0.994639878414946,5
Pat31R,710418106,Pat31R_710418106_A2,NFKB1_330_342,5.899613429909593,0.9974906537213734,5
Pat31R,710418106,Pat31R_710418106_A2,ANDR_785_797,5.43195088221519,0.9981055810619118,5
Pat31R,710418106,Pat31R_710418106_A2,ERBB2_679_691,6.903711351354439,0.9994787147653471,5
Pat31R,710418106,Pat31R_710418106_A2,H32_3_18,4.439497691268539,0.9965187775031648,5
Pat31R,710418106,Pat31R_710418106_A2,KPCB_19_31_A25S,5.496081219634906,0.9966388896630529,5
Pat31R,710418106,Pat31R_710418106_A2,P53_308_323,3.8719923876239286,0.9499842241433709,5
Pat31R,710418106,Pat31R_710418106_A2,TOP2A_1463_1475,9.752995938970125,0.9998438163412197,5
Pat31R,710418106,Pat31R_710418106_A2,E1A_ADE05_212_224,7.344212149604035,0.999406338178104,5
Pat31R,710418106,Pat31R_710418106_A2,KAP3_107_119,9.65625620000428,0.9999074933006942,5
Pat31R,710418106,Pat31R_710418106_A2,IF4E_203_215,4.17294635341755,0.9910388202125352,5
Pat31R,710418106,Pat31R_710418106_A2,MPIP1_172_184,4.356887933241163,0.9952036993283153,5
Pat31R,710418106,Pat31R_710418106_A2,VASP_150_162,5.798578784573367,0.9941760305615596,5
Pat31R,710418106,Pat31R_710418106_A2,EPB42_241_253,5.6074699001307255,0.9976416588473652,5
Pat31R,710418106,Pat31R_710418106_A2,PTN12_32_44,8.680409286204192,0.9999040196772351,5
Pat31R,710418106,Pat31R_710418106_A2,CDK7_163_175,4.921335722954115,0.9549613459316963,5
Pat31R,710418106,Pat31R_710418106_A2,ESR1_160_172,6.651999363083339,0.998839037589586,5
Pat31R,710418106,Pat31R_710418106_A2,KS6A1_374_386,4.401362562381768,0.9894617277718181,5
Pat31R,710418106,Pat31R_710418106_A2,RB_803_815,4.548203950711039,0.997638265292881,5
Pat31R,710418106,Pat31R_710418106_A2,GBRB2_427_439,9.41729525924171,0.999962051181896,5
Pat31R,710418106,Pat31R_710418106_A2,TY3H_65_77,8.574718469224353,0.9998971218001882,5
Pat31P,710418106,Pat31P_710418106_A3,CDN1A_139_151,10.160537422948334,0.9999891512173334,5
Pat31P,710418106,Pat31P_710418106_A3,LIPS_944_956,6.336822310187057,0.9996435574534838,5
Pat31P,710418106,Pat31P_710418106_A3,PLEK_106_118,8.317497942467593,0.9999204765808847,5
Pat31P,710418106,Pat31P_710418106_A3,GRIK2_708_720,10.546530501400152,0.9999724654167539,5
Pat31P,710418106,Pat31P_710418106_A3,FOXO3_25_37,5.466836399859049,0.997946832702465,5
Pat31P,710418106,Pat31P_710418106_A3,RBL2_655_667,6.184968881666762,0.9989395694318662,5
Pat31P,710418106,Pat31P_710418106_A3,KAP2_92_104,8.518226320072666,0.9999182911430416,5
Pat31P,710418106,Pat31P_710418106_A3,RS6_228_240,8.734070496022373,0.9999573248609229,5
Pat31P,710418106,Pat31P_710418106_A3,ACM1_444_456,4.57128756382408,0.9984905660377358,5
Pat31P,710418106,Pat31P_710418106_A3,BAD_112_124,3.9445048874082964,0.9939336040124194,5
Pat31P,710418106,Pat31P_710418106_A3,CENPA_1_14,5.383215215671508,0.9986985949070483,5
Pat31P,710418106,Pat31P_710418106_A3,NEK2_172_184,5.136265690091081,0.9962998222171245,5
Pat31P,710418106,Pat31P_710418106_A3,PPR1A_28_40,6.543542573341176,0.9997208993388946,5
Pat31P,710418106,Pat31P_710418106_A3,ADRB2_338_350,8.03342300153745,0.9997834522330802,5
Pat31P,710418106,Pat31P_710418106_A3,RYR1_4317_4329,6.719679403716751,0.9994963342976996,5
Pat31P,710418106,Pat31P_710418106_A3,ACM4_456_468,3.9087041659804496,0.996251572327044,5
Pat31P,710418106,Pat31P_710418106_A3,BAD_69_81,3.1424442650202056,0.9478275921758699,5
Pat31P,710418106,Pat31P_710418106_A3,KAPCG_192_206,3.996593398556751,0.984262060619396,5
Pat31P,710418106,Pat31P_710418106_A3,MARCS_152_164,3.933857643208788,0.9983262325015216,5
Pat31P,710418106,Pat31P_710418106_A3,NEK3_158_170,3.260764232208967,0.9584905660377359,5
Pat31P,710418106,Pat31P_710418106_A3,PRKDC_2618_2630,3.4668363998590492,0.993737701122815,5
Pat31P,710418106,Pat31P_710418106_A3,REL_260_272,4.4766506896860045,0.998164821930378,5
Pat31P,710418106,Pat31P_710418106_A3,SCN7A_898_910,6.630181252877648,0.9999368747333502,5
Pat31P,710418106,Pat31P_710418106_A3,ACM5_494_506,4.847618792271332,0.9994832351880782,5
Pat31P,710418106,Pat31P_710418106_A3,BAD_93_105,6.242904446799418,0.9990919485776506,5
Pat31P,710418106,Pat31P_710418106_A3,CSF1R_701_713,6.56382582627074,0.9998805243564861,5
Pat31P,710418106,Pat31P_710418106_A3,GPR6_349_361,4.05343925896146,0.992616899097621,5
Pat31P,710418106,Pat31P_710418106_A3,MARCS_160_172,4.845726732930123,0.995958833619211,5
Pat31P,710418106,Pat31P_710418106_A3,NMDZ1_890_902,7.36582720822247,0.9994560065787683,5
Pat31P,710418106,Pat31P_710418106_A3,PTK6_436_448,7.453542426706816,0.9989321309369978,5
Pat31P,710418106,Pat31P_710418106_A3,CAC1C_1974_1986,8.60313642986342,0.9998662520432932,5
Pat31P,710418106,Pat31P_710418106_A3,KPB1_1011_1023,7.626604434886152,0.9999514720627107,5
Pat31P,710418106,Pat31P_710418106_A3,ACM5_498_510,4.578141234865142,0.9973838801214716,5
Pat31P,710418106,Pat31P_710418106_A3,BCKD_45_57,3.154722594798643,0.9640990133287173,5
Pat31P,710418106,Pat31P_710418106_A3,GPSM2_394_406,4.498491738225587,0.9955632630410656,5
Pat31P,710418106,Pat31P_710418106_A3,MBP_222_234,5.045218752156492,0.9983244448501128,5
Pat31P,710418106,Pat31P_710418106_A3,NOS3_1171_1183,6.552270337653708,0.9996685102517769,5
Pat31P,710418106,Pat31P_710418106_A3,RAB1A_187_199,2.8645365827048814,0.989875099654531,5
Pat31P,710418106,Pat31P_710418106_A3,STK6_283_295,8.462058494069321,0.9998103510434814,5
Pat31P,710418106,Pat31P_710418106_A3,CFTR_730_742,8.344212149604035,0.9998562092049567,5
Pat31P,710418106,Pat31P_710418106_A3,MYPC3_268_280,9.815353083886604,0.9999751542570857,5
Pat31P,710418106,Pat31P_710418106_A3,VASP_271_283,6.160061678495255,0.997279786270905,5
Pat31P,710418106,Pat31P_710418106_A3,ADDB_696_708,4.072979445357106,0.9876663356504468,5
Pat31P,710418106,Pat31P_710418106_A3,GSUB_61_73,3.7719254325200064,0.981162024558251,5
Pat31P,710418106,Pat31P_710418106_A3,NR4A1_344_356,4.616375453352618,0.9939773208488213,5
Pat31P,710418106,Pat31P_710418106_A3,RAF1_253_265,3.6514579125080635,0.9915854421890369,5
Pat31P,710418106,Pat31P_710418106_A3,CGHB_109_121,6.26714001246952,0.999462801589282,5
Pat31P,710418106,Pat31P_710418106_A3,NCF1_296_308,9.583969739287415,0.9999269311188365,5
Pat31P,710418106,Pat31P_710418106_A3,VTNC_390_402,9.042330472831665,0.9999634983235404,5
Pat31P,710418106,Pat31P_710418106_A3,ADDB_706_718,5.650374401348693,0.9986758065516289,5
Pat31P,710418106,Pat31P_710418106_A3,GYS2_1_13,6.77292142499373,0.9994982517357681,5
Pat31P,710418106,Pat31P_710418106_A3,RAP1B_172_184,3.775905283432552,0.9905209351274149,5
Pat31P,710418106,Pat31P_710418106_A3,CREB1_126_138,9.503525754620778,0.9999646619997984,5
Pat31P,710418106,Pat31P_710418106_A3,NCF1_321_333,8.539451476702075,0.9997177292267478,5
Pat31P,710418106,Pat31P_710418106_A3,CA2D1_494_506,4.681470481574503,0.9880553003269301,5
Pat31P,710418106,Pat31P_710418106_A3,H2B1B_ 27_40,5.521192998150529,0.9930730444810986,5
Pat31P,710418106,Pat31P_710418106_A3,KIF2C_105_118_S106G,6.849508373472549,0.9986970823370391,5
Pat31P,710418106,Pat31P_710418106_A3,MP2K1_287_299,5.351564329263616,0.998153279506177,5
Pat31P,710418106,Pat31P_710418106_A3,RB_242_254,4.594007640324163,0.9959151915969656,5
Pat31P,710418106,Pat31P_710418106_A3,NFKB1_330_342,6.831934586950426,0.9983111312649374,5
Pat31P,710418106,Pat31P_710418106_A3,ANDR_785_797,5.871062516472891,0.999090867559048,5
Pat31P,710418106,Pat31P_710418106_A3,ERBB2_679_691,7.702270715628497,0.9997302378462615,5
Pat31P,710418106,Pat31P_710418106_A3,H32_3_18,5.106550595421023,0.9985852051512429,5
Pat31P,710418106,Pat31P_710418106_A3,KPCB_19_31_A25S,6.56842223012969,0.9986934554353832,5
Pat31P,710418106,Pat31P_710418106_A3,P53_308_323,4.217523381814712,0.9969196062346185,5
Pat31P,710418106,Pat31P_710418106_A3,TOP2A_1463_1475,10.481152081920946,0.9999907817085373,5
Pat31P,710418106,Pat31P_710418106_A3,E1A_ADE05_212_224,7.997871816930958,0.9997619939866661,5
Pat31P,710418106,Pat31P_710418106_A3,KAP3_107_119,10.224957267157034,0.9999724069430992,5
Pat31P,710418106,Pat31P_710418106_A3,IF4E_203_215,4.274894561043856,0.9950807274927213,5
Pat31P,710418106,Pat31P_710418106_A3,MPIP1_172_184,4.783832199204181,0.997491764001198,5
Pat31P,710418106,Pat31P_710418106_A3,VASP_150_162,6.887249359280404,0.9987890628964649,5
Pat31P,710418106,Pat31P_710418106_A3,EPB42_241_253,6.506298223675272,0.9995971145200685,5
Pat31P,710418106,Pat31P_710418106_A3,PTN12_32_44,9.568637327668675,0.9999967871500225,5
Pat31P,710418106,Pat31P_710418106_A3,CDK7_163_175,4.655783837910853,0.932372176602102,5
Pat31P,710418106,Pat31P_710418106_A3,ESR1_160_172,7.39199333088907,0.9996791261979153,5
Pat31P,710418106,Pat31P_710418106_A3,KS6A1_374_386,4.670823237374995,0.9972967648732652,5
Pat31P,710418106,Pat31P_710418106_A3,RB_803_815,4.914131238364778,0.9987812509778154,5
Pat31P,710418106,Pat31P_710418106_A3,GBRB2_427_439,10.183003293024003,0.9999733160514972,5
Pat31P,710418106,Pat31P_710418106_A3,TY3H_65_77,9.3940177117686,0.9999730434402647,5
Pat31P,710418106,Pat31P_710418106_A4,CDN1A_139_151,10.262360820797122,0.999945304563467,5
Pat31P,710418106,Pat31P_710418106_A4,LIPS_944_956,6.4942706838931334,0.9989360100815627,5
Pat31P,710418106,Pat31P_710418106_A4,PLEK_106_118,8.308253157990286,0.9999254590715034,5
Pat31P,710418106,Pat31P_710418106_A4,GRIK2_708_720,10.79790618520753,0.9999607404101839,5
Pat31P,710418106,Pat31P_710418106_A4,FOXO3_25_37,4.998297704769,0.9952955049944506,5
Pat31P,710418106,Pat31P_710418106_A4,RBL2_655_667,6.181972629206843,0.9986392649224942,5
Pat31P,710418106,Pat31P_710418106_A4,KAP2_92_104,8.650645355437364,0.999951951877822,5
Pat31P,710418106,Pat31P_710418106_A4,RS6_228_240,9.012703589926215,0.9998302179225752,5
Pat31P,710418106,Pat31P_710418106_A4,ACM1_444_456,4.464372359907568,0.9949268831584149,5
Pat31P,710418106,Pat31P_710418106_A4,BAD_112_124,3.4420045468791134,0.9781132075471698,5
Pat31P,710418106,Pat31P_710418106_A4,CENPA_1_14,5.339513906193323,0.9983083032741398,5
Pat31P,710418106,Pat31P_710418106_A4,NEK2_172_184,4.6857074744609735,0.991629890203603,5
Pat31P,710418106,Pat31P_710418106_A4,PPR1A_28_40,6.2706699751821295,0.9994093477757431,5
Pat31P,710418106,Pat31P_710418106_A4,ADRB2_338_350,8.313225312913131,0.9998128518263235,5
Pat31P,710418106,Pat31P_710418106_A4,RYR1_4317_4329,6.805409277742635,0.9995797014218926,5
Pat31P,710418106,Pat31P_710418106_A4,ACM4_456_468,3.9159357352115256,0.9930486593843099,5
Pat31P,710418106,Pat31P_710418106_A4,BAD_69_81,2.638401759682617,0.8285149117468046,5
Pat31P,710418106,Pat31P_710418106_A4,KAPCG_192_206,4.036951136172892,0.9862660273115814,5
Pat31P,710418106,Pat31P_710418106_A4,MARCS_152_164,3.822826330820044,0.9974819123279898,5
Pat31P,710418106,Pat31P_710418106_A4,NEK3_158_170,3.715023041285529,0.9849056603773585,5
Pat31P,710418106,Pat31P_710418106_A4,PRKDC_2618_2630,3.3910206181603084,0.9919650879219611,5
Pat31P,710418106,Pat31P_710418106_A4,REL_260_272,4.739685095519798,0.9872454405798243,5
Pat31P,710418106,Pat31P_710418106_A4,SCN7A_898_910,7.02320512880407,0.9996213290752134,5
Pat31P,710418106,Pat31P_710418106_A4,ACM5_494_506,4.69203972328469,0.9947530209879161,5
Pat31P,710418106,Pat31P_710418106_A4,BAD_93_105,5.894131364893178,0.9981618341471256,5
Pat31P,710418106,Pat31P_710418106_A4,CSF1R_701_713,6.808812435272215,0.9997849070195747,5
Pat31P,710418106,Pat31P_710418106_A4,GPR6_349_361,3.8343219696578736,0.9911487236403995,5
Pat31P,710418106,Pat31P_710418106_A4,MARCS_160_172,4.5128708775987585,0.99511989560110925,5
Pat31P,710418106,Pat31P_710418106_A4,NMDZ1_890_902,7.476039248676264,0.9999071944097434,5
Pat31P,710418106,Pat31P_710418106_A4,PTK6_436_448,7.497588265672802,0.9997846941471159,5
Pat31P,710418106,Pat31P_710418106_A4,CAC1C_1974_1986,8.90632338701427,0.9997412392208002,5
Pat31P,710418106,Pat31P_710418106_A4,KPB1_1011_1023,7.996380218646368,0.9997517447295697,5
Pat31P,710418106,Pat31P_710418106_A4,ACM5_498_510,4.471751890273166,0.9944316612977451,5
Pat31P,710418106,Pat31P_710418106_A4,BCKD_45_57,3.795641501493814,0.9865520507029942,5
Pat31P,710418106,Pat31P_710418106_A4,GPSM2_394_406,4.712948713047671,0.9971202675364352,5
Pat31P,710418106,Pat31P_710418106_A4,MBP_222_234,4.582692327096329,0.9932139514261786,5
Pat31P,710418106,Pat31P_710418106_A4,NOS3_1171_1183,6.381910199715595,0.9991632894793371,5
Pat31P,710418106,Pat31P_710418106_A4,RAB1A_187_199,3.196892049042582,0.994760781671159,5
Pat31P,710418106,Pat31P_710418106_A4,STK6_283_295,8.590622355139525,0.9997320360252246,5
Pat31P,710418106,Pat31P_710418106_A4,CFTR_730_742,8.795151372377196,0.9999796078604554,5
Pat31P,710418106,Pat31P_710418106_A4,MYPC3_268_280,10.224456797404784,0.9999253356486106,5
Pat31P,710418106,Pat31P_710418106_A4,VASP_271_283,6.191687784040055,0.9994616394822576,5
Pat31P,710418106,Pat31P_710418106_A4,ADDB_696_708,4.677221008573145,0.9946425480353125,5
Pat31P,710418106,Pat31P_710418106_A4,GSUB_61_73,3.681470481574503,0.9651026882618133,5
Pat31P,710418106,Pat31P_710418106_A4,NR4A1_344_356,4.321928094887363,1,5
Pat31P,710418106,Pat31P_710418106_A4,RAF1_253_265,3.672958981718985,0.9842681140690962,5
Pat31P,710418106,Pat31P_710418106_A4,CGHB_109_121,6.2593435575093395,0.999393704224669,5
Pat31P,710418106,Pat31P_710418106_A4,NCF1_296_308,9.765309557878957,0.999959735071208,5
Pat31P,710418106,Pat31P_710418106_A4,VTNC_390_402,9.443803662569772,0.9999673662340023,5
Pat31P,710418106,Pat31P_710418106_A4,ADDB_706_718,5.2116587597514945,0.9969749289222021,5
Pat31P,710418106,Pat31P_710418106_A4,GYS2_1_13,6.301366772405046,0.9992359497099353,5
Pat31P,710418106,Pat31P_710418106_A4,RAP1B_172_184,4.003398576461865,0.984976551423274,5
Pat31P,710418106,Pat31P_710418106_A4,CREB1_126_138,9.671624512064232,0.9999662680533673,5
Pat31P,710418106,Pat31P_710418106_A4,NCF1_321_333,8.780864707501314,0.9998558012827755,5
Pat31P,710418106,Pat31P_710418106_A4,CA2D1_494_506,4.1144298888506095,0.9695398067188219,5
Pat31P,710418106,Pat31P_710418106_A4,H2B1B_ 27_40,5.405221757837403,0.9947695147346501,5
Pat31P,710418106,Pat31P_710418106_A4,KIF2C_105_118_S106G,6.818009314522269,0.9998288902582638,5
Pat31P,710418106,Pat31P_710418106_A4,MP2K1_287_299,4.702532097102332,0.9915031863051356,5
Pat31P,710418106,Pat31P_710418106_A4,RB_242_254,4.1577759187761965,0.9885952896469444,5
Pat31P,710418106,Pat31P_710418106_A4,NFKB1_330_342,7.089862667211334,0.9997100310834405,5
Pat31P,710418106,Pat31P_710418106_A4,ANDR_785_797,5.763932641766476,0.9993493819128172,5
Pat31P,710418106,Pat31P_710418106_A4,ERBB2_679_691,7.532116966543402,0.9995901348171852,5
Pat31P,710418106,Pat31P_710418106_A4,H32_3_18,5.097038285965323,0.9981787296001942,5
Pat31P,710418106,Pat31P_710418106_A4,KPCB_19_31_A25S,6.340186021295574,0.9998132511435928,5
Pat31P,710418106,Pat31P_710418106_A4,P53_308_323,4.095446785483036,0.9979041042598715,5
Pat31P,710418106,Pat31P_710418106_A4,TOP2A_1463_1475,10.706088709505485,0.9999780593543577,5
Pat31P,710418106,Pat31P_710418106_A4,E1A_ADE05_212_224,8.079836949026069,0.9998549099936285,5
Pat31P,710418106,Pat31P_710418106_A4,KAP3_107_119,10.44801887670403,0.9999940773841571,5
Pat31P,710418106,Pat31P_710418106_A4,IF4E_203_215,3.9267155739647683,0.9821540880503145,5
Pat31P,710418106,Pat31P_710418106_A4,MPIP1_172_184,4.496081219634906,0.9966388896630529,5
Pat31P,710418106,Pat31P_710418106_A4,VASP_150_162,7.255429473113259,0.9989288921872925,5
Pat31P,710418106,Pat31P_710418106_A4,EPB42_241_253,6.860794181019065,0.9989322426904957,5
Pat31P,710418106,Pat31P_710418106_A4,PTN12_32_44,9.494346168264158,0.9999101356655561,5
Pat31P,710418106,Pat31P_710418106_A4,CDK7_163_175,5.387123195598511,0.9701213163374771,5
Pat31P,710418106,Pat31P_710418106_A4,ESR1_160_172,7.360867784153708,0.9997036937128695,5
Pat31P,710418106,Pat31P_710418106_A4,KS6A1_374_386,4.232081477504882,0.9977229754193989,5
Pat31P,710418106,Pat31P_710418106_A4,RB_803_815,4.702532097102332,0.9992234558314269,5
Pat31P,710418106,Pat31P_710418106_A4,GBRB2_427_439,10.427016292295056,0.9999857771610582,5
Pat31P,710418106,Pat31P_710418106_A4,TY3H_65_77,9.848918145161372,0.9999869964953328,5
Pat31P,710418108,Pat31P_710418108_A1,CDN1A_139_151,10.766278869378864,0.9999977162721813,5
Pat31P,710418108,Pat31P_710418108_A1,LIPS_944_956,6.78432618826598,0.9992283486145058,5
Pat31P,710418108,Pat31P_710418108_A1,PLEK_106_118,8.775159897189729,0.9999870913982419,5
Pat31P,710418108,Pat31P_710418108_A1,GRIK2_708_720,10.939690088510943,0.9999786436176995,5
Pat31P,710418108,Pat31P_710418108_A1,FOXO3_25_37,5.548203950711039,0.9997009219406264,5
Pat31P,710418108,Pat31P_710418108_A1,RBL2_655_667,6.134716902995595,0.9981068740967636,5
Pat31P,710418108,Pat31P_710418108_A1,KAP2_92_104,9.011227255423254,0.9999835598577078,5
Pat31P,710418108,Pat31P_710418108_A1,RS6_228_240,9.191967060383735,0.9998971918930653,5
Pat31P,710418108,Pat31P_710418108_A1,ACM1_444_456,4.5200070588803865,0.992146863844977,5
Pat31P,710418108,Pat31P_710418108_A1,BAD_112_124,4.4815329110657505,0.9958626960672881,5
Pat31P,710418108,Pat31P_710418108_A1,CENPA_1_14,5.617484792154596,0.9983078438427103,5
Pat31P,710418108,Pat31P_710418108_A1,NEK2_172_184,4.488825403632107,0.9910559319187057,5
Pat31P,710418108,Pat31P_710418108_A1,PPR1A_28_40,6.609701447429308,0.999782660616193,5
Pat31P,710418108,Pat31P_710418108_A1,ADRB2_338_350,8.557048197040823,0.9998720405294986,5
Pat31P,710418108,Pat31P_710418108_A1,RYR1_4317_4329,6.917287628211485,0.9996900332183829,5
Pat31P,710418108,Pat31P_710418108_A1,ACM4_456_468,3.8112383565448322,0.9779096883612466,5
Pat31P,710418108,Pat31P_710418108_A1,BAD_69_81,3.4420045468791134,0.9968032688378801,5
Pat31P,710418108,Pat31P_710418108_A1,KAPCG_192_206,3.795641501493814,0.9981132075471697,5
Pat31P,710418108,Pat31P_710418108_A1,MARCS_152_164,4.063242433991819,0.9847902448815736,5
Pat31P,710418108,Pat31P_710418108_A1,NEK3_158_170,3.4668363998590492,0.993737701122815,5
Pat31P,710418108,Pat31P_710418108_A1,PRKDC_2618_2630,3.7558953227010576,0.9750760803408399,5
Pat31P,710418108,Pat31P_710418108_A1,REL_260_272,5.479093865614334,0.9988946642167202,5
Pat31P,710418108,Pat31P_710418108_A1,SCN7A_898_910,7.091061084869244,0.9995841246018132,5
Pat31P,710418108,Pat31P_710418108_A1,ACM5_494_506,4.994887076606347,0.9949903848833644,5
Pat31P,710418108,Pat31P_710418108_A1,BAD_93_105,6.164622362085353,0.9990465132351926,5
Pat31P,710418108,Pat31P_710418108_A1,CSF1R_701_713,7.354893883109075,0.999778136923945,5
Pat31P,710418108,Pat31P_710418108_A1,GPR6_349_361,4.274894561043856,0.9950807274927213,5
Pat31P,710418108,Pat31P_710418108_A1,MARCS_160_172,4.771925432520007,0.9939812268891628,5
Pat31P,710418108,Pat31P_710418108_A1,NMDZ1_890_902,7.974685147547049,0.9999603036366729,5
Pat31P,710418108,Pat31P_710418108_A1,PTK6_436_448,7.748825749376268,0.9998839777594289,5
Pat31P,710418108,Pat31P_710418108_A1,CAC1C_1974_1986,9.218528967221188,0.9999853109357134,5
Pat31P,710418108,Pat31P_710418108_A1,KPB1_1011_1023,8.531969895332622,0.99992030067296,5
Pat31P,710418108,Pat31P_710418108_A1,ACM5_498_510,4.702532097102332,0.9936967774252796,5
Pat31P,710418108,Pat31P_710418108_A1,BCKD_45_57,3.8794098591864117,0.9861894573040264,5
Pat31P,710418108,Pat31P_710418108_A1,GPSM2_394_406,5.374055216386032,0.9977538578462148,5
Pat31P,710418108,Pat31P_710418108_A1,MBP_222_234,4.881258283578781,0.9938426695343305,5
Pat31P,710418108,Pat31P_710418108_A1,NOS3_1171_1183,6.767434937672783,0.9999350953953722,5
Pat31P,710418108,Pat31P_710418108_A1,RAB1A_187_199,2.8266683971144384,0.9664752529395679,5
Pat31P,710418108,Pat31P_710418108_A1,STK6_283_295,8.92335551878344,0.9997990302791199,5
Pat31P,710418108,Pat31P_710418108_A1,CFTR_730_742,9.117177506409776,0.9999682131495791,5
Pat31P,710418108,Pat31P_710418108_A1,MYPC3_268_280,10.401644311243299,0.9999922794815538,5
Pat31P,710418108,Pat31P_710418108_A1,VASP_271_283,6.345551699413262,0.9980990227536983,5
Pat31P,710418108,Pat31P_710418108_A1,ADDB_696_708,3.9620775168562465,0.9932972280456558,5
Pat31P,710418108,Pat31P_710418108_A1,GSUB_61_73,3.996593398556751,0.984262060619396,5
Pat31P,710418108,Pat31P_710418108_A1,NR4A1_344_356,4.383215215671508,0.9965425098575944,5
Pat31P,710418108,Pat31P_710418108_A1,RAF1_253_265,3.5388660861317027,0.9520674427940585,5
Pat31P,710418108,Pat31P_710418108_A1,CGHB_109_121,6.700439718141093,0.9995257358069466,5
Pat31P,710418108,Pat31P_710418108_A1,NCF1_296_308,9.817164680593052,0.9999424281928005,5
Pat31P,710418108,Pat31P_710418108_A1,VTNC_390_402,9.598579255491819,0.9999340597945356,5
Pat31P,710418108,Pat31P_710418108_A1,ADDB_706_718,5.572432105765021,0.9951005976407272,5
Pat31P,710418108,Pat31P_710418108_A1,GYS2_1_13,6.574718469224353,0.9995857954794684,5
Pat31P,710418108,Pat31P_710418108_A1,RAP1B_172_184,4.111283333533745,0.9969298037165534,5
Pat31P,710418108,Pat31P_710418108_A1,CREB1_126_138,9.882470026310097,0.9999610484390176,5
Pat31P,710418108,Pat31P_710418108_A1,NCF1_321_333,9.026131912965726,0.9998901849642661,5
Pat31P,710418108,Pat31P_710418108_A1,CA2D1_494_506,4.426897654488905,0.9984020650236617,5
Pat31P,710418108,Pat31P_710418108_A1,H2B1B_ 27_40,5.947154465822246,0.9985786487263871,5
Pat31P,710418108,Pat31P_710418108_A1,KIF2C_105_118_S106G,7.005942265115343,0.9998341773853807,5
Pat31P,710418108,Pat31P_710418108_A1,MP2K1_287_299,4.851395483016815,0.9983708076017604,5
Pat31P,710418108,Pat31P_710418108_A1,RB_242_254,4.260764232208967,0.9916765937824232,5
Pat31P,710418108,Pat31P_710418108_A1,NFKB1_330_342,7.657402721612673,0.9991991744584828,5
Pat31P,710418108,Pat31P_710418108_A1,ANDR_785_797,5.7848200082403,0.9973744708290112,5
Pat31P,710418108,Pat31P_710418108_A1,ERBB2_679_691,7.585246021413999,0.9997136111705154,5
Pat31P,710418108,Pat31P_710418108_A1,H32_3_18,5.273487739829609,0.9926446273183359,5
Pat31P,710418108,Pat31P_710418108_A1,KPCB_19_31_A25S,6.989755968503197,0.9997518120540373,5
Pat31P,710418108,Pat31P_710418108_A1,P53_308_323,3.3109985347291033,0.9667225716282319,5
Pat31P,710418108,Pat31P_710418108_A1,TOP2A_1463_1475,11.062326210881746,0.9999396516725779,5
Pat31P,710418108,Pat31P_710418108_A1,E1A_ADE05_212_224,8.132390600356283,0.999765057246729,5
Pat31P,710418108,Pat31P_710418108_A1,KAP3_107_119,10.632549449957999,0.9999894345155409,5
Pat31P,710418108,Pat31P_710418108_A1,IF4E_203_215,3.860794181019065,0.9917369195771444,5
Pat31P,710418108,Pat31P_710418108_A1,MPIP1_172_184,4.655783837910853,0.9963693200848498,5
Pat31P,710418108,Pat31P_710418108_A1,VASP_150_162,7.715800146093378,0.9993270747214632,5
Pat31P,710418108,Pat31P_710418108_A1,EPB42_241_253,7.380930662476954,0.9996771398515797,5
Pat31P,710418108,Pat31P_710418108_A1,PTN12_32_44,9.576929933858308,0.9999941677582691,5
Pat31P,710418108,Pat31P_710418108_A1,CDK7_163_175,4.946271813582484,0.8856632964466735,5
Pat31P,710418108,Pat31P_710418108_A1,ESR1_160_172,7.73662529577074,0.9998304878919029,5
Pat31P,710418108,Pat31P_710418108_A1,KS6A1_374_386,4.493666666701606,0.9977296903868764,5
Pat31P,710418108,Pat31P_710418108_A1,RB_803_815,4.584962500721156,0.9924577373211965,5
Pat31P,710418108,Pat31P_710418108_A1,GBRB2_427_439,10.634708327038712,0.9999962729113143,5
Pat31P,710418108,Pat31P_710418108_A1,TY3H_65_77,9.998191244595473,0.9999882972307349,5
Pat31R,710418108,Pat31R_710418108_A2,CDN1A_139_151,9.692566158262576,0.9999702070187947,5
Pat31R,710418108,Pat31R_710418108_A2,LIPS_944_956,5.352897073045129,0.9972952290254832,5
Pat31R,710418108,Pat31R_710418108_A2,PLEK_106_118,7.065276404497745,0.9996175463603016,5
Pat31R,710418108,Pat31R_710418108_A2,GRIK2_708_720,9.710416586361124,0.9999446980012605,5
Pat31R,710418108,Pat31R_710418108_A2,FOXO3_25_37,5.153193506111897,0.9993021452571723,5
Pat31R,710418108,Pat31R_710418108_A2,RBL2_655_667,4.868269301581211,0.9958872911644917,5
Pat31R,710418108,Pat31R_710418108_A2,KAP2_92_104,7.679347309681533,0.9996207036969532,5
Pat31R,710418108,Pat31R_710418108_A2,RS6_228_240,7.857980995127573,0.9999551318003366,5
Pat31R,710418108,Pat31R_710418108_A2,ACM1_444_456,4.257921482440142,0.9877761979787112,5
Pat31R,710418108,Pat31R_710418108_A2,BAD_112_124,3.3962008572659883,0.979132075471698,5
Pat31R,710418108,Pat31R_710418108_A2,CENPA_1_14,4.7315111640740986,0.9958727670946611,5
Pat31R,710418108,Pat31R_710418108_A2,NEK2_172_184,4.184968881666762,0.9850498198007208,5
Pat31R,710418108,Pat31R_710418108_A2,PPR1A_28_40,5.994033158238187,0.998421898132107,5
Pat31R,710418108,Pat31R_710418108_A2,ADRB2_338_350,7.002974191978473,0.9995182013311105,5
Pat31R,710418108,Pat31R_710418108_A2,RYR1_4317_4329,5.721228190812238,0.99987926165432,5
Pat31R,710418108,Pat31R_710418108_A2,ACM4_456_468,3.795641501493814,0.9789922648738523,5
Pat31R,710418108,Pat31R_710418108_A2,BAD_69_81,2.7558953227010576,0.9159805603201829,5
Pat31R,710418108,Pat31R_710418108_A2,KAPCG_192_206,3.787779383720844,0.9834520226121429,5
Pat31R,710418108,Pat31R_710418108_A2,MARCS_152_164,3.857042046157957,0.9528043422072887,5
Pat31R,710418108,Pat31R_710418108_A2,NEK3_158_170,3.6208076996678784,0.978150023009664,5
Pat31R,710418108,Pat31R_710418108_A2,PRKDC_2618_2630,3.196892049042582,0.9441797249760153,5
Pat31R,710418108,Pat31R_710418108_A2,REL_260_272,3.672958981718985,0.9842681140690962,5
Pat31R,710418108,Pat31R_710418108_A2,SCN7A_898_910,5.6074699001307255,0.9976416588473652,5
Pat31R,710418108,Pat31R_710418108_A2,ACM5_494_506,4.38060400221497,0.9981132075471698,5
Pat31R,710418108,Pat31R_710418108_A2,BAD_93_105,5.946271813582484,0.9983457848174156,5
Pat31R,710418108,Pat31R_710418108_A2,CSF1R_701_713,5.705664986587295,0.9991271234250612,5
Pat31R,710418108,Pat31R_710418108_A2,GPR6_349_361,4.202816882999687,0.9962933522988746,5
Pat31R,710418108,Pat31R_710418108_A2,MARCS_160_172,4.616375453352618,0.9977094009020709,5
Pat31R,710418108,Pat31R_710418108_A2,NMDZ1_890_902,6.145523657952178,0.9991471675401291,5
Pat31R,710418108,Pat31R_710418108_A2,PTK6_436_448,6.44700522793748,0.9981744573417589,5
Pat31R,710418108,Pat31R_710418108_A2,CAC1C_1974_1986,7.564113530936344,0.9993735593155683,5
Pat31R,710418108,Pat31R_710418108_A2,KPB1_1011_1023,6.341529312864584,0.9986918959831323,5
Pat31R,710418108,Pat31R_710418108_A2,ACM5_498_510,4.316473664795255,0.9868809515381076,5
Pat31R,710418108,Pat31R_710418108_A2,BCKD_45_57,3.226275855823676,0.9751704455367052,5
Pat31R,710418108,Pat31R_710418108_A2,GPSM2_394_406,3.8794098591864117,0.9440168818272096,5
Pat31R,710418108,Pat31R_710418108_A2,MBP_222_234,4.836229035422533,0.991949108533841,5
Pat31R,710418108,Pat31R_710418108_A2,NOS3_1171_1183,5.527108115255531,0.99841140366126,5
Pat31R,710418108,Pat31R_710418108_A2,RAB1A_187_199,2.575860293613904,0.8887148451406194,5
Pat31R,710418108,Pat31R_710418108_A2,STK6_283_295,7.608865021640556,0.9996323838419232,5
Pat31R,710418108,Pat31R_710418108_A2,CFTR_730_742,7.13781281628856,0.9995782886096299,5
Pat31R,710418108,Pat31R_710418108_A2,MYPC3_268_280,8.846436546002689,0.9999327559231541,5
Pat31R,710418108,Pat31R_710418108_A2,VASP_271_283,5.412909316209802,0.9962647136983945,5
Pat31R,710418108,Pat31R_710418108_A2,ADDB_696_708,4.142444265020206,0.9957899522618777,5
Pat31R,710418108,Pat31R_710418108_A2,GSUB_61_73,3.607469900130726,0.9842358490566038,5
Pat31R,710418108,Pat31R_710418108_A2,NR4A1_344_356,3.996593398556751,0.984262060619396,5
Pat31R,710418108,Pat31R_710418108_A2,RAF1_253_265,3.3648366863566537,0.9833619210977702,5
Pat31R,710418108,Pat31R_710418108_A2,CGHB_109_121,5.789748933570613,0.9968071093300681,5
Pat31R,710418108,Pat31R_710418108_A2,NCF1_296_308,8.456644997882957,0.9999805025024289,5
Pat31R,710418108,Pat31R_710418108_A2,VTNC_390_402,8.195407030855993,0.999942895275802,5
Pat31R,710418108,Pat31R_710418108_A2,ADDB_706_718,4.566700294328428,0.9934856538277451,5
Pat31R,710418108,Pat31R_710418108_A2,GYS2_1_13,6.474203369267262,0.9993403427913006,5
Pat31R,710418108,Pat31R_710418108_A2,RAP1B_172_184,3.5008982359326817,0.9648370497427101,5
Pat31R,710418108,Pat31R_710418108_A2,CREB1_126_138,8.424205910779321,0.9999125034722282,5
Pat31R,710418108,Pat31R_710418108_A2,NCF1_321_333,7.532116966543402,0.9998102943077072,5
Pat31R,710418108,Pat31R_710418108_A2,CA2D1_494_506,3.890465047695408,0.997990436805376,5
Pat31R,710418108,Pat31R_710418108_A2,H2B1B_ 27_40,4.493666666701606,0.99477782739756615,5
Pat31R,710418108,Pat31R_710418108_A2,KIF2C_105_118_S106G,5.733558992722957,0.9957876494482872,5
Pat31R,710418108,Pat31R_710418108_A2,MP2K1_287_299,4.6857074744609735,0.991629890203603,5
Pat31R,710418108,Pat31R_710418108_A2,RB_242_254,3.8343219696578736,0.9948060990043862,5
Pat31R,710418108,Pat31R_710418108_A2,NFKB1_330_342,5.781854549763739,0.9969861972901102,5
Pat31R,710418108,Pat31R_710418108_A2,ANDR_785_797,4.888628389215791,0.9929023733947764,5
Pat31R,710418108,Pat31R_710418108_A2,ERBB2_679_691,6.528877931516191,0.9995357719356525,5
Pat31R,710418108,Pat31R_710418108_A2,H32_3_18,4.095446785483036,0.9979041042598715,5
Pat31R,710418108,Pat31R_710418108_A2,KPCB_19_31_A25S,5.423096084329049,0.9972145512889738,5
Pat31R,710418108,Pat31R_710418108_A2,P53_308_323,3.491248065898963,0.9798521460884917,5
Pat31R,710418108,Pat31R_710418108_A2,TOP2A_1463_1475,9.612068690438608,0.9999651552899633,5
Pat31R,710418108,Pat31R_710418108_A2,E1A_ADE05_212_224,7.117569596381176,0.9992842437703382,5
Pat31R,710418108,Pat31R_710418108_A2,KAP3_107_119,9.484043865332117,0.9998249227580398,5
Pat31R,710418108,Pat31R_710418108_A2,IF4E_203_215,3.672958981718985,0.9753607103218646,5
Pat31R,710418108,Pat31R_710418108_A2,MPIP1_172_184,3.886789389552009,0.979500254971953,5
Pat31R,710418108,Pat31R_710418108_A2,VASP_150_162,5.5282882339641874,0.9982773925289159,5
Pat31R,710418108,Pat31R_710418108_A2,EPB42_241_253,5.485183765078708,0.9967874298731527,5
Pat31R,710418108,Pat31R_710418108_A2,PTN12_32_44,8.48912845899314,0.9999217429874725,5
Pat31R,710418108,Pat31R_710418108_A2,CDK7_163_175,6.061613190407161,0.8295161486769153,5
Pat31R,710418108,Pat31R_710418108_A2,ESR1_160_172,6.462521564219626,0.9987252539068929,5
Pat31R,710418108,Pat31R_710418108_A2,KS6A1_374_386,4.229181586999087,0.9811678252234359,5
Pat31R,710418108,Pat31R_710418108_A2,RB_803_815,3.9159357352115256,0.9706970818418977,5
Pat31R,710418108,Pat31R_710418108_A2,GBRB2_427_439,9.325326671349227,0.9999303508721002,5
Pat31R,710418108,Pat31R_710418108_A2,TY3H_65_77,8.416897087671583,0.9998589604540764,5
Pat31R,710418108,Pat31R_710418108_A3,CDN1A_139_151,9.8150509298149,0.9999951932811653,5
Pat31R,710418108,Pat31R_710418108_A3,LIPS_944_956,5.312369266462518,0.9943405194059831,5
Pat31R,710418108,Pat31R_710418108_A3,PLEK_106_118,7.791961467934229,0.9996542146054695,5
Pat31R,710418108,Pat31R_710418108_A3,GRIK2_708_720,9.910967927689063,0.9999257255786429,5
Pat31R,710418108,Pat31R_710418108_A3,FOXO3_25_37,4.763932641766476,0.9990941854414401,5
Pat31R,710418108,Pat31R_710418108_A3,RBL2_655_667,5.497286982380303,0.9972014782542123,5
Pat31R,710418108,Pat31R_710418108_A3,KAP2_92_104,7.695195455583901,0.9997286731134147,5
Pat31R,710418108,Pat31R_710418108_A3,RS6_228_240,8.173134977990072,0.9995467741420203,5
Pat31R,710418108,Pat31R_710418108_A3,ACM1_444_456,3.6941443116096133,0.9954226245875285,5
Pat31R,710418108,Pat31R_710418108_A3,BAD_112_124,3.996593398556751,0.9814008336989908,5
Pat31R,710418108,Pat31R_710418108_A3,CENPA_1_14,5.05343925896146,0.9980410351582637,5
Pat31R,710418108,Pat31R_710418108_A3,NEK2_172_184,4.356887933241163,0.993426549865229,5
Pat31R,710418108,Pat31R_710418108_A3,PPR1A_28_40,6.0050948671227635,0.9993907340516186,5
Pat31R,710418108,Pat31R_710418108_A3,ADRB2_338_350,7.185342976065563,0.9991020039194564,5
Pat31R,710418108,Pat31R_710418108_A3,RYR1_4317_4329,6.139358285146463,0.9987589302069977,5
Pat31R,710418108,Pat31R_710418108_A3,ACM4_456_468,3.7558953227010576,0.9750760803408399,5
Pat31R,710418108,Pat31R_710418108_A3,BAD_69_81,2.787779383720844,0.9872936320754716,5
Pat31R,710418108,Pat31R_710418108_A3,KAPCG_192_206,3.5388660861317027,0.9520674427940585,5
Pat31R,710418108,Pat31R_710418108_A3,MARCS_152_164,3.9863250631029237,0.9964975708959439,5
Pat31R,710418108,Pat31R_710418108_A3,NEK3_158_170,3.5388660861317027,0.9520674427940585,5
Pat31R,710418108,Pat31R_710418108_A3,PRKDC_2618_2630,3.3910206181603084,0.9786501202988476,5
Pat31R,710418108,Pat31R_710418108_A3,REL_260_272,3.715023041285529,0.9978083546181099,5
Pat31R,710418108,Pat31R_710418108_A3,SCN7A_898_910,5.822826330820044,0.9995957190647338,5
Pat31R,710418108,Pat31R_710418108_A3,ACM5_494_506,4.483967839982805,0.9947356510424034,5
Pat31R,710418108,Pat31R_710418108_A3,BAD_93_105,5.818009314522269,0.9971691420872055,5
Pat31R,710418108,Pat31R_710418108_A3,CSF1R_701_713,5.924924518438781,0.9993368853659853,5
Pat31R,710418108,Pat31R_710418108_A3,GPR6_349_361,3.3109985347291033,0.8938873093822692,5
Pat31R,710418108,Pat31R_710418108_A3,MARCS_160_172,4.343541907993425,0.9965707202864619,5
Pat31R,710418108,Pat31R_710418108_A3,NMDZ1_890_902,6.999149103460508,0.999963454490399,5
Pat31R,710418108,Pat31R_710418108_A3,PTK6_436_448,6.8223453523055415,0.9995177999497685,5
Pat31R,710418108,Pat31R_710418108_A3,CAC1C_1974_1986,7.630181252877648,0.9998791982682909,5
Pat31R,710418108,Pat31R_710418108_A3,KPB1_1011_1023,6.661710884697323,0.9983868507042879,5
Pat31R,710418108,Pat31R_710418108_A3,ACM5_498_510,4.5128708775987585,0.9894172027896416,5
Pat31R,710418108,Pat31R_710418108_A3,BCKD_45_57,3.4420045468791134,0.9968032688378801,5
Pat31R,710418108,Pat31R_710418108_A3,GPSM2_394_406,4.163863248655112,0.9631392469905233,5
Pat31R,710418108,Pat31R_710418108_A3,MBP_222_234,4.56440117823884,0.9929756762900659,5
Pat31R,710418108,Pat31R_710418108_A3,NOS3_1171_1183,5.972519263577893,0.9985344180947435,5
Pat31R,710418108,Pat31R_710418108_A3,RAB1A_187_199,3.072979445357106,0.977378144654088,5
Pat31R,710418108,Pat31R_710418108_A3,STK6_283_295,7.798823288436488,0.9992625295932276,5
Pat31R,710418108,Pat31R_710418108_A3,CFTR_730_742,7.255073120131112,0.9994037599231036,5
Pat31R,710418108,Pat31R_710418108_A3,MYPC3_268_280,9.11029862593911,0.9998839137907937,5
Pat31R,710418108,Pat31R_710418108_A3,VASP_271_283,5.74070358835482,0.9951326008197412,5
Pat31R,710418108,Pat31R_710418108_A3,ADDB_696_708,4.1577759187761965,0.9979437084615728,5
Pat31R,710418108,Pat31R_710418108_A3,GSUB_61_73,3.815111365692039,0.9831743339693308,5
Pat31R,710418108,Pat31R_710418108_A3,NR4A1_344_356,4.187958924272574,0.9936070531112909,5
Pat31R,710418108,Pat31R_710418108_A3,RAF1_253_265,3.283306800860055,0.9234739178690343,5
Pat31R,710418108,Pat31R_710418108_A3,CGHB_109_121,5.854221527095579,0.9935312992783432,5
Pat31R,710418108,Pat31R_710418108_A3,NCF1_296_308,8.962732344785284,0.9997680683218247,5
Pat31R,710418108,Pat31R_710418108_A3,VTNC_390_402,8.443881834119784,0.9998859165133381,5
Pat31R,710418108,Pat31R_710418108_A3,ADDB_706_718,4.975983118881465,0.9949733216988285,5
Pat31R,710418108,Pat31R_710418108_A3,GYS2_1_13,6.330071268195977,0.9992160897254115,5
Pat31R,710418108,Pat31R_710418108_A3,RAP1B_172_184,3.7599195792598525,0.9845008020777634,5
Pat31R,710418108,Pat31R_710418108_A3,CREB1_126_138,8.652811158119796,0.9999870434702123,5
Pat31R,710418108,Pat31R_710418108_A3,NCF1_321_333,7.806382427891432,0.9999492475364737,5
Pat31R,710418108,Pat31R_710418108_A3,CA2D1_494_506,3.996593398556751,0.984262060619396,5
Pat31R,710418108,Pat31R_710418108_A3,H2B1B_ 27_40,5.0067891656626395,0.9968196424157535,5
Pat31R,710418108,Pat31R_710418108_A3,KIF2C_105_118_S106G,6.193176633543594,0.9977233765889127,5
Pat31R,710418108,Pat31R_710418108_A3,MP2K1_287_299,4.44700522793748,0.9926727083642847,5
Pat31R,710418108,Pat31R_710418108_A3,RB_242_254,3.226275855823676,0.9358490566037736,5
Pat31R,710418108,Pat31R_710418108_A3,NFKB1_330_342,5.970784212207145,0.9982342716099352,5
Pat31R,710418108,Pat31R_710418108_A3,ANDR_785_797,5.283306800860055,0.9977553352944483,5
Pat31R,710418108,Pat31R_710418108_A3,ERBB2_679_691,7.2589881701344945,0.999929657988522,5
Pat31R,710418108,Pat31R_710418108_A3,H32_3_18,4.660096830781936,0.9987985048059808,5
Pat31R,710418108,Pat31R_710418108_A3,KPCB_19_31_A25S,5.990612421506022,0.9983280473139754,5
Pat31R,710418108,Pat31R_710418108_A3,P53_308_323,3.6514579125080635,0.9915854421890369,5
Pat31R,710418108,Pat31R_710418108_A3,TOP2A_1463_1475,9.866287497245887,0.9999882571771059,5
Pat31R,710418108,Pat31R_710418108_A3,E1A_ADE05_212_224,7.307909618271818,0.9998849357732922,5
Pat31R,710418108,Pat31R_710418108_A3,KAP3_107_119,9.624812694934661,0.9999586154780304,5
Pat31R,710418108,Pat31R_710418108_A3,IF4E_203_215,3.7639326417664756,0.9940174873446848,5
Pat31R,710418108,Pat31R_710418108_A3,MPIP1_172_184,3.9445048874082964,0.9845862660436505,5
Pat31R,710418108,Pat31R_710418108_A3,VASP_150_162,5.95067968453626,0.9981351297123365,5
Pat31R,710418108,Pat31R_710418108_A3,EPB42_241_253,5.778882983232447,0.9971010465433925,5
Pat31R,710418108,Pat31R_710418108_A3,PTN12_32_44,8.784820008240299,0.9999203924572805,5
Pat31R,710418108,Pat31R_710418108_A3,CDK7_163_175,4.217523381814712,0.933977635168889,5
Pat31R,710418108,Pat31R_710418108_A3,ESR1_160_172,6.882181608436465,0.9995934880342885,5
Pat31R,710418108,Pat31R_710418108_A3,KS6A1_374_386,3.8532801273617583,0.9779918661244082,5
Pat31R,710418108,Pat31R_710418108_A3,RB_803_815,4.401362562381768,0.9944506104328524,5
Pat31R,710418108,Pat31R_710418108_A3,GBRB2_427_439,9.542155822632278,0.9999155139265484,5
Pat31R,710418108,Pat31R_710418108_A3,TY3H_65_77,8.642222024932199,0.9998074867206773,5
Pat31R,710418108,Pat31R_710418108_A4,CDN1A_139_151,9.677553449766608,0.9999466428604659,5
Pat31R,710418108,Pat31R_710418108_A4,LIPS_944_956,4.866404149361649,0.9959480632042136,5
Pat31R,710418108,Pat31R_710418108_A4,PLEK_106_118,7.032383670723183,0.9998056711780199,5
Pat31R,710418108,Pat31R_710418108_A4,GRIK2_708_720,9.747369664563438,0.999968656997746,5
Pat31R,710418108,Pat31R_710418108_A4,FOXO3_25_37,4.466836399859049,0.998331249818298,5
Pat31R,710418108,Pat31R_710418108_A4,RBL2_655_667,4.7739167303390975,0.9967289276571537,5
Pat31R,710418108,Pat31R_710418108_A4,KAP2_92_104,7.2211767011660095,0.998826129261223,5
Pat31R,710418108,Pat31R_710418108_A4,RS6_228_240,7.800045186570755,0.9997402113505627,5
Pat31R,710418108,Pat31R_710418108_A4,ACM1_444_456,3.5849625007211565,0.9989528795811519,5
Pat31R,710418108,Pat31R_710418108_A4,BAD_112_124,3.3109985347291033,0.9596143174250832,5
Pat31R,710418108,Pat31R_710418108_A4,CENPA_1_14,4.6119295483214255,0.9940673752988802,5
Pat31R,710418108,Pat31R_710418108_A4,NEK2_172_184,4.297219107715309,0.9811356900166268,5
Pat31R,710418108,Pat31R_710418108_A4,PPR1A_28_40,5.551690126489286,0.998693659627554,5
Pat31R,710418108,Pat31R_710418108_A4,ADRB2_338_350,6.780864707501314,0.9995322157834209,5
Pat31R,710418108,Pat31R_710418108_A4,RYR1_4317_4329,5.588361077183022,0.996496745007172,5
Pat31R,710418108,Pat31R_710418108_A4,ACM4_456_468,3.2378638300988882,0.9587360024543642,5
Pat31R,710418108,Pat31R_710418108_A4,BAD_69_81,2.500898235932682,0.9032517061421116,5
Pat31R,710418108,Pat31R_710418108_A4,KAPCG_192_206,3.5008982359326817,0.9539961840152639,5
Pat31R,710418108,Pat31R_710418108_A4,MARCS_152_164,3.7838321992041806,0.9896374981429209,5
Pat31R,710418108,Pat31R_710418108_A4,NEK3_158_170,3.232081477504882,0.958877203835447,5
Pat31R,710418108,Pat31R_710418108_A4,PRKDC_2618_2630,2.548203950711039,0.9066037735849056,5
Pat31R,710418108,Pat31R_710418108_A4,REL_260_272,3.3381687358945733,0.9964483906770255,5
Pat31R,710418108,Pat31R_710418108_A4,SCN7A_898_910,5.518820143929944,0.9983262325015215,5
Pat31R,710418108,Pat31R_710418108_A4,ACM5_494_506,4.338168735894573,0.9873732687218614,5
Pat31R,710418108,Pat31R_710418108_A4,BAD_93_105,5.416737788268684,0.9888675386811745,5
Pat31R,710418108,Pat31R_710418108_A4,CSF1R_701_713,5.535348745809463,0.9943784644959117,5
Pat31R,710418108,Pat31R_710418108_A4,GPR6_349_361,3.3109985347291033,0.9596143174250832,5
Pat31R,710418108,Pat31R_710418108_A4,MARCS_160_172,4.36219196510109,0.9971966695763109,5
Pat31R,710418108,Pat31R_710418108_A4,NMDZ1_890_902,6.388423506674269,0.9998782714546561,5
Pat31R,710418108,Pat31R_710418108_A4,PTK6_436_448,6.048512577881534,0.9972078972360969,5
Pat31R,710418108,Pat31R_710418108_A4,CAC1C_1974_1986,7.0882632268691435,0.9986733238559781,5
Pat31R,710418108,Pat31R_710418108_A4,KPB1_1011_1023,5.884948042727841,0.9987236763334406,5
Pat31R,710418108,Pat31R_710418108_A4,ACM5_498_510,4.0697410712905615,0.9806616154112812,5
Pat31R,710418108,Pat31R_710418108_A4,BCKD_45_57,2.747812976403199,0.9340801886792454,5
Pat31R,710418108,Pat31R_710418108_A4,GPSM2_394_406,3.638401759682617,0.9512578616352201,5
Pat31R,710418108,Pat31R_710418108_A4,MBP_222_234,4.05343925896146,0.995321577296797,5
Pat31R,710418108,Pat31R_710418108_A4,NOS3_1171_1183,5.229181586999087,0.992661804006671,5
Pat31R,710418108,Pat31R_710418108_A4,RAB1A_187_199,2.8645365827048814,0.989875099654531,5
Pat31R,710418108,Pat31R_710418108_A4,STK6_283_295,7.395877636688656,0.9993306645541201,5
Pat31R,710418108,Pat31R_710418108_A4,CFTR_730_742,6.961640799722326,0.9987164758148013,5
Pat31R,710418108,Pat31R_710418108_A4,MYPC3_268_280,8.741339781442207,0.9999258403042204,5
Pat31R,710418108,Pat31R_710418108_A4,VASP_271_283,5.370111628397328,0.9931837348899509,5
Pat31R,710418108,Pat31R_710418108_A4,ADDB_696_708,3.969047071671088,0.9967878226646603,5
Pat31R,710418108,Pat31R_710418108_A4,GSUB_61_73,3.7558953227010576,0.9951393741750135,5
Pat31R,710418108,Pat31R_710418108_A4,NR4A1_344_356,3.2087174844393713,0.9283173523043613,5
Pat31R,710418108,Pat31R_710418108_A4,RAF1_253_265,2.575860293613904,0.9235664076951535,5
Pat31R,710418108,Pat31R_710418108_A4,CGHB_109_121,5.344882079981009,0.9975138026521732,5
Pat31R,710418108,Pat31R_710418108_A4,NCF1_296_308,8.52060015037523,0.9997681291965623,5
Pat31R,710418108,Pat31R_710418108_A4,VTNC_390_402,8.110101603741347,0.999803514289412,5
Pat31R,710418108,Pat31R_710418108_A4,ADDB_706_718,4.505699222196503,0.9938679245283019,5
Pat31R,710418108,Pat31R_710418108_A4,GYS2_1_13,5.44700522793748,0.9938465428637301,5
Pat31R,710418108,Pat31R_710418108_A4,RAP1B_172_184,3.416737788268683,0.9941534260178749,5
Pat31R,710418108,Pat31R_710418108_A4,CREB1_126_138,8.265725605453397,0.9999288388572909,5
Pat31R,710418108,Pat31R_710418108_A4,NCF1_321_333,7.251504740768274,0.9988957004852522,5
Pat31R,710418108,Pat31R_710418108_A4,CA2D1_494_506,2.7639326417664756,0.9124190368910167,5
Pat31R,710418108,Pat31R_710418108_A4,H2B1B_ 27_40,4.459431618637297,0.9896604938271604,5
Pat31R,710418108,Pat31R_710418108_A4,KIF2C_105_118_S106G,5.556325295266471,0.9965962110336342,5
Pat31R,710418108,Pat31R_710418108_A4,MP2K1_287_299,4.33547462672531,0.9963969922718094,5
Pat31R,710418108,Pat31R_710418108_A4,RB_242_254,3.607469900130726,0.9029686688592695,5
Pat31R,710418108,Pat31R_710418108_A4,NFKB1_330_342,5.237863830098888,0.9951436987500996,5
Pat31R,710418108,Pat31R_710418108_A4,ANDR_785_797,4.72329065726913,0.9973336589933036,5
Pat31R,710418108,Pat31R_710418108_A4,ERBB2_679_691,6.457574469647667,0.9992596154200425,5
Pat31R,710418108,Pat31R_710418108_A4,H32_3_18,4.232081477504882,0.9977229754193989,5
Pat31R,710418108,Pat31R_710418108_A4,KPCB_19_31_A25S,5.036951136172892,0.9924344736255524,5
Pat31R,710418108,Pat31R_710418108_A4,P53_308_323,3.3109985347291033,0.9596143174250832,5
Pat31R,710418108,Pat31R_710418108_A4,TOP2A_1463_1475,9.62115339613058,0.9999862716193294,5
Pat31R,710418108,Pat31R_710418108_A4,E1A_ADE05_212_224,6.904620421983691,0.999424474268894,5
Pat31R,710418108,Pat31R_710418108_A4,KAP3_107_119,9.25792148244014,0.9999719480129514,5
Pat31R,710418108,Pat31R_710418108_A4,IF4E_203_215,3.7759052834325515,0.9944830188679246,5
Pat31R,710418108,Pat31R_710418108_A4,MPIP1_172_184,3.672958981718985,0.9979385045422781,5
Pat31R,710418108,Pat31R_710418108_A4,VASP_150_162,5.301366772405046,0.9934544495187496,5
Pat31R,710418108,Pat31R_710418108_A4,EPB42_241_253,5.424364387743383,0.9985611954568937,5
Pat31R,710418108,Pat31R_710418108_A4,PTN12_32_44,8.274367163837876,0.9999739319449977,5
Pat31R,710418108,Pat31R_710418108_A4,CDK7_163_175,4.020272395026262,0.9531910506237756,5
Pat31R,710418108,Pat31R_710418108_A4,ESR1_160_172,6.093853527407369,0.9995667455881276,5
Pat31R,710418108,Pat31R_710418108_A4,KS6A1_374_386,4.163863248655112,0.9877205270761283,5
Pat31R,710418108,Pat31R_710418108_A4,RB_803_815,3.791715798280014,0.9517984594728288,5
Pat31R,710418108,Pat31R_710418108_A4,GBRB2_427_439,9.29557402391954,0.9999289649884037,5
Pat31R,710418108,Pat31R_710418108_A4,TY3H_65_77,8.147060893090575,0.9995115636975775,5
