Kinase,Score,Rank,Method,Perc,Qrt,group,KinaseFamily,subfamily,hgnc_symbol
PTK2,53.2618191770324,1,PTM-SEA,1,4,TK,FAK,NA,PTK2
MAP2K7,0,26,PTM-SEA,0,1,STE,STE7,MEK7,MAP2K7
JAK2,14.25557414542774,19,PTM-SEA,0.5384615384615384,3,TK,JAKA,NA,JAK2
MAP3K6,0,26,PTM-SEA,0,1,STE,STE11,ASK,MAP3K6
ABL1,-32.784915038324066,9,PTM-SEA,0.7948717948717948,4,TK,ABL,NA,ABL1
EGFR,7.762797249216825,21,PTM-SEA,0.48717948717948717,2,TK,EGFR,NA,EGFR
ERBB2,8.881784197001252e-15,25,PTM-SEA,0.38461538461538464,2,TK,EGFR,NA,ERBB2
INSR,-20.56901982068435,16,PTM-SEA,0.6153846153846154,3,TK,INSR,NA,INSR
LCK,-38.40258085889902,8,PTM-SEA,0.8205128205128205,4,TK,SRC,SRCB,LCK
FYN,-26.442314316385737,12,PTM-SEA,0.717948717948718,3,TK,SRC,SRCA,FYN
YES1,0,26,PTM-SEA,0,1,TK,SRC,SRCA,YES1
LYN,-41.91294018839758,3,PTM-SEA,0.9487179487179487,4,TK,SRC,SRCB,LYN
RET,1.4310913970728607,23,PTM-SEA,0.4358974358974359,2,TK,RET,NA,RET
IGF1R,-15.483770207482674,18,PTM-SEA,0.5641025641025641,3,TK,INSR,NA,IGF1R
MET,-8.732317815393497,20,PTM-SEA,0.5128205128205128,3,TK,MET,NA,MET
HCK,41.79969984208745,4,PTM-SEA,0.9230769230769231,4,TK,SRC,SRCB,HCK
PDGFRB,-40.31789168409004,6,PTM-SEA,0.8717948717948718,4,TK,PDGFR,NA,PDGFRB
FGR,0,26,PTM-SEA,0,1,TK,SRC,SRCA,FGR
SRC,-23.853121447450064,14,PTM-SEA,0.6666666666666666,3,TK,SRC,SRCA,SRC
JAK1,26.85735267023866,11,PTM-SEA,0.7435897435897436,3,TK,JAKA,NA,JAK1
TYK2,0,26,PTM-SEA,0,1,TK,JAKA,NA,TYK2
KDR,-19.552560828540084,17,PTM-SEA,0.5897435897435898,3,TK,VEGFR,NA,KDR
CSK,0,26,PTM-SEA,0,1,TK,CSK,NA,CSK
ZAP70,-21.309695072531937,15,PTM-SEA,0.6410256410256411,3,TK,SYK,NA,ZAP70
SYK,29.592008431479698,10,PTM-SEA,0.7692307692307693,4,TK,SYK,NA,SYK
MAP2K4,41.57912509560221,5,PTM-SEA,0.8974358974358975,4,STE,STE7,MEK4,MAP2K4
MAP2K3,0,26,PTM-SEA,0,1,STE,STE7,MEK3,MAP2K3
BMX,2.5370370370370434,22,PTM-SEA,0.46153846153846156,2,TK,TEC,NA,BMX
JAK3,-25.34243856947287,13,PTM-SEA,0.6923076923076923,3,TK,JAKA,NA,JAK3
MAP2K6,0,26,PTM-SEA,0,1,STE,STE7,MEK3,MAP2K6
EPHA4,0,26,PTM-SEA,0,1,TK,EPH,NA,EPHA4
MAP2K1,0,26,PTM-SEA,0,1,STE,STE7,MEK1,MAP2K1
MST1R,0,26,PTM-SEA,0,1,TK,MET,NA,MST1R
ITK,1.121653058778758,24,PTM-SEA,0.41025641025641024,2,TK,TEC,NA,ITK
PTK6,-49.89541942792479,2,PTM-SEA,0.9743589743589743,4,TK,SRC,SRM,PTK6
PTK2B,0,26,PTM-SEA,0,1,TK,FAK,NA,PTK2B
ERBB4,0,26,PTM-SEA,0,1,TK,EGFR,NA,ERBB4
NTRK2,-39.873134328358205,7,PTM-SEA,0.8461538461538461,4,TK,TRK,NA,NTRK2
MAP3K5,0,26,PTM-SEA,0,1,STE,STE11,ASK,MAP3K5
ALK,0,26,PTM-SEA,0,1,TK,ALK,NA,ALK
AAK1,289,273,KEA3,0.08571428571428572,1,OTHER,NAK,BIKE,AAK1
ABL1,27,18,KEA3,0.9457142857142857,4,TK,ABL,NA,ABL1
ABL2,90,86,KEA3,0.7257142857142858,3,TK,ABL,NA,ABL2
ACVR1,179,187,KEA3,0.36857142857142855,2,TKL,STKR,TYPE1,ACVR1
ACVR1B,208.5,214,KEA3,0.28285714285714286,2,TKL,STKR,TYPE1,ACVR1B
ACVR2B,41,31,KEA3,0.8971428571428571,4,TKL,STKR,TYPE2,ACVR2B
AKT1,68.66666666666667,60,KEA3,0.8085714285714286,4,AGC,AKT,NA,AKT1
AKT2,139.33333333333334,146,KEA3,0.5057142857142857,3,AGC,AKT,NA,AKT2
AKT3,201,209,KEA3,0.29714285714285715,2,AGC,AKT,NA,AKT3
ALK,37.5,26,KEA3,0.9171428571428571,4,TK,ALK,NA,ALK
ARAF,57,47,KEA3,0.8485714285714285,4,TKL,RAF,RAF,ARAF
ATM,114.66666666666667,116,KEA3,0.6228571428571429,3,ATYPICAL,PIKK,ATM,ATM
ATR,110.66666666666667,110,KEA3,0.6457142857142857,3,ATYPICAL,PIKK,ATR,ATR
AURKA,135.33333333333334,140,KEA3,0.5257142857142857,3,OTHER,AUR,NA,AURKA
AURKB,96,94,KEA3,0.6971428571428572,3,OTHER,AUR,NA,AURKB
AURKC,186,194,KEA3,0.34285714285714286,2,OTHER,AUR,NA,AURKC
AXL,134,139,KEA3,0.5285714285714286,3,TK,AXL,NA,AXL
BLK,247,244,KEA3,0.17714285714285713,1,TK,SRC,SRCB,BLK
BMP2K,328,294,KEA3,0.025714285714285714,1,OTHER,NAK,BIKE,BMP2K
BMPR1A,73.5,62,KEA3,0.8028571428571428,4,TKL,STKR,TYPE1,BMPR1A
BMPR1B,130,133,KEA3,0.5514285714285714,3,TKL,STKR,TYPE1,BMPR1B
BMPR2,202.5,210,KEA3,0.29428571428571426,2,TKL,STKR,TYPE2,BMPR2
BMX,60,49,KEA3,0.8428571428571429,4,TK,TEC,NA,BMX
BRAF,186.5,196,KEA3,0.33714285714285713,2,TKL,RAF,RAF,BRAF
BRSK1,227.33333333333334,232,KEA3,0.22285714285714286,1,CAMK,CAMKL,BRSK,BRSK1
BRSK2,317,286,KEA3,0.04857142857142857,1,CAMK,CAMKL,BRSK,BRSK2
BTK,42.666666666666664,34,KEA3,0.8885714285714286,4,TK,TEC,NA,BTK
BUB1,192,201,KEA3,0.32,2,OTHER,BUB,NA,BUB1
CAMK1,200.66666666666666,208,KEA3,0.3,2,CAMK,CAMK1,NA,CAMK1
CAMK1D,234,236,KEA3,0.2057142857142857,1,CAMK,CAMK1,NA,CAMK1D
CAMK2A,100.33333333333333,100,KEA3,0.68,3,CAMK,CAMK2,NA,CAMK2A
CAMK2B,122,125,KEA3,0.5828571428571429,3,CAMK,CAMK2,NA,CAMK2B
CAMK2D,123.66666666666667,127,KEA3,0.5771428571428572,3,CAMK,CAMK2,NA,CAMK2D
CAMK2G,98,97,KEA3,0.6885714285714286,3,CAMK,CAMK2,NA,CAMK2G
CAMK4,151.66666666666666,163,KEA3,0.45714285714285713,2,CAMK,CAMK1,NA,CAMK4
CAMKK1,155.33333333333334,168,KEA3,0.44,2,OTHER,CAMKK,META,CAMKK1
CAMKK2,200,207,KEA3,0.3028571428571429,2,OTHER,CAMKK,META,CAMKK2
CDC42BPA,306,279,KEA3,0.06857142857142857,1,AGC,DMPK,GEK,CDC42BPA
CDC7,215.5,221,KEA3,0.2571428571428571,2,OTHER,CDC7,NA,CDC7
CDK1,96.5,95,KEA3,0.6942857142857143,3,CMGC,CDK,CDC2,CDK1
CDK11A,276,264,KEA3,0.11142857142857143,1,NA,NA,NA,CDK11A
CDK12,278,265,KEA3,0.10857142857142857,1,CMGC,CDK,CRK7,CDK12
CDK15,146,152,KEA3,0.48857142857142855,2,CMGC,CDK,PFTAIRE,CDK15
CDK16,38,27,KEA3,0.9114285714285715,4,CMGC,CDK,PCTAIRE,CDK16
CDK18,262,254,KEA3,0.14285714285714285,1,CMGC,CDK,PCTAIRE,CDK18
CDK19,225,229,KEA3,0.23142857142857143,1,CMGC,CDK,CDK8,CDK19
CDK2,119,122,KEA3,0.5971428571428572,3,CMGC,CDK,CDC2,CDK2
CDK20,263,255,KEA3,0.14,1,CMGC,CDK,CCRK,CDK20
CDK3,95,92,KEA3,0.7057142857142857,3,CMGC,CDK,CDC2,CDK3
CDK4,83.66666666666667,76,KEA3,0.76,4,CMGC,CDK,CDK4,CDK4
CDK5,56.33333333333333,46,KEA3,0.8514285714285714,4,CMGC,CDK,CDK5,CDK5
CDK6,114,115,KEA3,0.6257142857142857,3,CMGC,CDK,CDK4,CDK6
CDK7,111.33333333333333,111,KEA3,0.6428571428571429,3,CMGC,CDK,CDK7,CDK7
CDK8,229,233,KEA3,0.21714285714285714,1,CMGC,CDK,CDK8,CDK8
CDK9,119,122,KEA3,0.5971428571428572,3,CMGC,CDK,CDK9,CDK9
CDKL3,316,285,KEA3,0.05142857142857143,1,CMGC,CDKL,NA,CDKL3
CDKL5,148,156,KEA3,0.47714285714285715,2,CMGC,CDKL,NA,CDKL5
CHEK1,61.666666666666664,52,KEA3,0.8342857142857143,4,CAMK,CAMKL,CHK1,CHEK1
CHEK2,121.33333333333333,124,KEA3,0.5914285714285714,3,CAMK,RAD53,NA,CHEK2
CHUK,151.33333333333334,161,KEA3,0.46285714285714286,2,OTHER,IKK,NA,CHUK
CLK1,93,90,KEA3,0.7142857142857143,3,CMGC,CLK,NA,CLK1
CLK2,86,80,KEA3,0.7428571428571429,3,CMGC,CLK,NA,CLK2
CLK3,179.5,188,KEA3,0.3657142857142857,2,CMGC,CLK,NA,CLK3
CLK4,325,292,KEA3,0.03142857142857143,1,CMGC,CLK,NA,CLK4
CSF1R,273,261,KEA3,0.12285714285714286,1,TK,PDGFR,NA,CSF1R
CSK,20,11,KEA3,0.9685714285714285,4,TK,CSK,NA,CSK
CSNK1A1,147.66666666666666,155,KEA3,0.48,2,CK1,CK1,CK1-A,CSNK1A1
CSNK1A1L,274,262,KEA3,0.12,1,CK1,CK1,CK1-A,CSNK1A1L
CSNK1D,115.66666666666667,118,KEA3,0.6171428571428571,3,CK1,CK1,CK1-D,CSNK1D
CSNK1E,129,132,KEA3,0.5571428571428572,3,CK1,CK1,CK1-D,CSNK1E
CSNK1G1,226.5,230,KEA3,0.22857142857142856,1,CK1,CK1,CK1-G,CSNK1G1
CSNK1G2,176.5,186,KEA3,0.37714285714285717,2,CK1,CK1,CK1-G,CSNK1G2
CSNK1G3,149,157,KEA3,0.4742857142857143,2,CK1,CK1,CK1-G,CSNK1G3
CSNK2A1,81.33333333333333,74,KEA3,0.7657142857142857,4,CMGC,CK2,NA,CSNK2A1
CSNK2A2,115,117,KEA3,0.62,3,CMGC,CK2,NA,CSNK2A2
DAPK1,187.66666666666666,197,KEA3,0.3342857142857143,2,CAMK,DAPK,DAPK,DAPK1
DAPK3,209.66666666666666,216,KEA3,0.2742857142857143,2,CAMK,DAPK,DAPK,DAPK3
DCLK1,191,200,KEA3,0.32285714285714284,2,CAMK,DCAMKL,NA,DCLK1
DDR1,151.5,162,KEA3,0.46,2,TK,DDR,NA,DDR1
DDR2,27,18,KEA3,0.9457142857142857,4,TK,DDR,NA,DDR2
DMPK,195,203,KEA3,0.3142857142857143,2,AGC,DMPK,GEK,DMPK
DYRK1A,163.66666666666666,176,KEA3,0.4085714285714286,2,CMGC,DYRK,DYRK1,DYRK1A
DYRK1B,133.33333333333334,136,KEA3,0.5371428571428571,3,CMGC,DYRK,DYRK1,DYRK1B
DYRK2,85.33333333333333,79,KEA3,0.7485714285714286,3,CMGC,DYRK,DYRK2,DYRK2
DYRK3,209.5,215,KEA3,0.27714285714285714,2,CMGC,DYRK,DYRK2,DYRK3
DYRK4,78.5,69,KEA3,0.7828571428571428,4,CMGC,DYRK,DYRK2,DYRK4
EEF2K,224.5,228,KEA3,0.2342857142857143,1,ATYPICAL,ALPHA,EEF2K,EEF2K
EGFR,24.333333333333336,15,KEA3,0.9571428571428572,4,TK,EGFR,NA,EGFR
EIF2AK1,322,290,KEA3,0.037142857142857144,1,OTHER,PEK,HRI,EIF2AK1
EIF2AK2,152,164,KEA3,0.4514285714285714,2,OTHER,PEK,PKR,EIF2AK2
EIF2AK3,337,301,KEA3,0.005714285714285714,1,OTHER,PEK,PEK,EIF2AK3
EPHA2,236,237,KEA3,0.20285714285714285,1,TK,EPH,NA,EPHA2
EPHA3,55.5,45,KEA3,0.8542857142857143,4,TK,EPH,NA,EPHA3
EPHA4,329,295,KEA3,0.022857142857142857,1,TK,EPH,NA,EPHA4
EPHA8,336,300,KEA3,0.008571428571428572,1,TK,EPH,NA,EPHA8
EPHB1,326,293,KEA3,0.02857142857142857,1,TK,EPH,NA,EPHB1
EPHB2,250,246,KEA3,0.17142857142857143,1,TK,EPH,NA,EPHB2
EPHB3,49,40,KEA3,0.8685714285714285,4,TK,EPH,NA,EPHB3
ERBB2,60.5,50,KEA3,0.84,4,TK,EGFR,NA,ERBB2
ERBB4,188,198,KEA3,0.32857142857142857,2,TK,EGFR,NA,ERBB4
FASTK,190,199,KEA3,0.32571428571428573,2,ATYPICAL,FAST,NA,FASTK
FER,41,31,KEA3,0.8971428571428571,4,TK,FER,NA,FER
FES,108,108,KEA3,0.6542857142857142,3,TK,FER,NA,FES
FGFR1,74.33333333333333,63,KEA3,0.8,4,TK,FGFR,NA,FGFR1
FGFR2,118.5,121,KEA3,0.6057142857142858,3,TK,FGFR,NA,FGFR2
FGFR3,102.5,104,KEA3,0.6685714285714286,3,TK,FGFR,NA,FGFR3
FGFR4,35.5,22,KEA3,0.9342857142857143,4,TK,FGFR,NA,FGFR4
FGR,68,59,KEA3,0.8114285714285714,4,TK,SRC,SRCA,FGR
FLT1,179,187,KEA3,0.36857142857142855,2,TK,VEGFR,NA,FLT1
FLT3,3,2,KEA3,0.9971428571428571,4,TK,PDGFR,NA,FLT3
FLT4,112,112,KEA3,0.64,3,TK,VEGFR,NA,FLT4
FRK,154.5,167,KEA3,0.44285714285714284,2,TK,SRC,FRK,FRK
FYN,27.333333333333332,19,KEA3,0.9428571428571428,4,TK,SRC,SRCA,FYN
GRK1,333,298,KEA3,0.014285714285714285,1,AGC,GRK,GRK,GRK1
GRK2,85.33333333333333,79,KEA3,0.7485714285714286,3,AGC,GRK,BARK,GRK2
GRK3,233,235,KEA3,0.20857142857142857,1,AGC,GRK,BARK,GRK3
GRK5,150.33333333333334,159,KEA3,0.4685714285714286,2,AGC,GRK,GRK,GRK5
GRK6,165,177,KEA3,0.4057142857142857,2,AGC,GRK,GRK,GRK6
GSK3A,112.66666666666667,113,KEA3,0.6371428571428571,3,CMGC,GSK,NA,GSK3A
GSK3B,105,106,KEA3,0.66,3,CMGC,GSK,NA,GSK3B
HASPIN,222,225,KEA3,0.24285714285714285,1,OTHER,HASPIN,NA,HASPIN
HCK,82.66666666666667,75,KEA3,0.7628571428571429,4,TK,SRC,SRCB,HCK
HIPK1,125.5,130,KEA3,0.5628571428571428,3,CMGC,DYRK,HIPK,HIPK1
HIPK2,169,179,KEA3,0.4,2,CMGC,DYRK,HIPK,HIPK2
HIPK3,310,281,KEA3,0.06285714285714286,1,CMGC,DYRK,HIPK,HIPK3
HIPK4,169.5,180,KEA3,0.39714285714285713,2,CMGC,DYRK,HIPK,HIPK4
ICK,293,276,KEA3,0.07714285714285714,1,CMGC,RCK,NA,CILK1
IGF1R,37,25,KEA3,0.9228571428571428,4,TK,INSR,NA,IGF1R
IKBKB,78,67,KEA3,0.7885714285714286,4,OTHER,IKK,NA,IKBKB
IKBKE,133.66666666666666,138,KEA3,0.5314285714285715,3,OTHER,IKK,NA,IKBKE
ILK,84,77,KEA3,0.7571428571428571,4,TKL,MLK,ILK,ILK
INSR,16.333333333333332,7,KEA3,0.98,4,TK,INSR,NA,INSR
IRAK1,114,115,KEA3,0.6257142857142857,3,TKL,IRAK,NA,IRAK1
IRAK3,262,254,KEA3,0.14285714285714285,1,TKL,IRAK,NA,IRAK3
IRAK4,264,256,KEA3,0.13714285714285715,1,TKL,IRAK,NA,IRAK4
ITK,25,16,KEA3,0.9542857142857143,4,TK,TEC,NA,ITK
JAK1,85,78,KEA3,0.7542857142857143,4,TK,JAKA,NA,JAK1
JAK2,35.666666666666664,23,KEA3,0.9314285714285714,4,TK,JAKA,NA,JAK2
JAK3,21,14,KEA3,0.96,4,TK,JAKA,NA,JAK3
KDR,186,194,KEA3,0.34285714285714286,2,TK,VEGFR,NA,KDR
KIT,26,17,KEA3,0.9514285714285714,4,TK,PDGFR,NA,KIT
KSR1,156,169,KEA3,0.43142857142857144,2,TKL,RAF,KSR,KSR1
KSR2,221,224,KEA3,0.24857142857142858,1,TKL,RAF,KSR,KSR2
LATS1,182.33333333333334,190,KEA3,0.35714285714285715,2,AGC,NDR,NA,LATS1
LATS2,120,123,KEA3,0.5942857142857143,3,AGC,NDR,NA,LATS2
LCK,10,5,KEA3,0.9885714285714285,4,TK,SRC,SRCB,LCK
LIMK1,266,258,KEA3,0.13142857142857142,1,TKL,LISK,LIMK,LIMK1
LIMK2,40.5,30,KEA3,0.9028571428571428,4,TKL,LISK,LIMK,LIMK2
LRRK2,133.5,137,KEA3,0.5342857142857143,3,TKL,LRRK,NA,LRRK2
LYN,44.333333333333336,36,KEA3,0.88,4,TK,SRC,SRCB,LYN
MAK,145,151,KEA3,0.49142857142857144,2,CMGC,RCK,NA,MAK
MAP2K1,78.33333333333333,68,KEA3,0.7857142857142857,4,STE,STE7,MEK1,MAP2K1
MAP2K2,176,185,KEA3,0.38,2,STE,STE7,MEK1,MAP2K2
MAP2K3,185,191,KEA3,0.35428571428571426,2,STE,STE7,MEK3,MAP2K3
MAP2K4,89.33333333333333,84,KEA3,0.7314285714285714,3,STE,STE7,MEK4,MAP2K4
MAP2K6,79.66666666666667,70,KEA3,0.7771428571428571,4,STE,STE7,MEK3,MAP2K6
MAP2K7,122,125,KEA3,0.5828571428571429,3,STE,STE7,MEK7,MAP2K7
MAP3K1,296,277,KEA3,0.07428571428571429,1,STE,STE11,MEKK1,MAP3K1
MAP3K10,258,252,KEA3,0.15142857142857144,1,TKL,MLK,MLK,MAP3K10
MAP3K11,198.33333333333334,206,KEA3,0.3057142857142857,2,TKL,MLK,MLK,MAP3K11
MAP3K13,233,235,KEA3,0.20857142857142857,1,TKL,MLK,LZK,MAP3K13
MAP3K14,185.33333333333334,192,KEA3,0.3514285714285714,2,STE,STE-UNIQUE,NA,MAP3K14
MAP3K20,305,278,KEA3,0.07142857142857142,1,TKL,MLK,ZAK,MAP3K20
MAP3K3,292,275,KEA3,0.08,1,STE,STE11,MEKK2,MAP3K3
MAP3K4,287,271,KEA3,0.09142857142857143,1,STE,STE11,MEKK4,MAP3K4
MAP3K5,93.66666666666667,91,KEA3,0.7114285714285714,3,STE,STE11,ASK,MAP3K5
MAP3K6,223,226,KEA3,0.24,1,STE,STE11,ASK,MAP3K6
MAP3K7,119,122,KEA3,0.5971428571428572,3,TKL,MLK,TAK1,MAP3K7
MAP3K8,185.5,193,KEA3,0.3485714285714286,2,STE,STE-UNIQUE,NA,MAP3K8
MAP4K1,142,148,KEA3,0.5,3,STE,STE20,KHS,MAP4K1
MAP4K2,136.5,141,KEA3,0.5228571428571429,3,STE,STE20,KHS,MAP4K2
MAP4K3,247,244,KEA3,0.17714285714285713,1,STE,STE20,KHS,MAP4K3
MAP4K4,280,267,KEA3,0.10285714285714286,1,STE,STE20,MSN,MAP4K4
MAP4K5,152.5,165,KEA3,0.44857142857142857,2,STE,STE20,KHS,MAP4K5
MAPK1,47.666666666666664,39,KEA3,0.8714285714285714,4,CMGC,MAPK,ERK1,MAPK1
MAPK10,122,125,KEA3,0.5828571428571429,3,CMGC,MAPK,JNK,MAPK10
MAPK11,74.66666666666667,64,KEA3,0.7971428571428572,4,CMGC,MAPK,P38,MAPK11
MAPK12,123,126,KEA3,0.58,3,CMGC,MAPK,P38,MAPK12
MAPK13,171.33333333333334,182,KEA3,0.3914285714285714,2,CMGC,MAPK,P38,MAPK13
MAPK14,40,29,KEA3,0.9057142857142857,4,CMGC,MAPK,P38,MAPK14
MAPK15,37,25,KEA3,0.9228571428571428,4,CMGC,MAPK,ERK7,MAPK15
MAPK3,42.33333333333333,32,KEA3,0.8942857142857142,4,CMGC,MAPK,ERK1,MAPK3
MAPK6,254,249,KEA3,0.16285714285714287,1,CMGC,MAPK,ERK3,MAPK6
MAPK7,138.66666666666666,145,KEA3,0.5085714285714286,3,CMGC,MAPK,ERK5,MAPK7
MAPK8,65.33333333333333,56,KEA3,0.82,4,CMGC,MAPK,JNK,MAPK8
MAPK9,100,99,KEA3,0.6828571428571428,3,CMGC,MAPK,JNK,MAPK9
MAPKAPK2,127.33333333333333,131,KEA3,0.56,3,CAMK,MAPKAPK,MAPKAPK,MAPKAPK2
MAPKAPK3,313,282,KEA3,0.06,1,CAMK,MAPKAPK,MAPKAPK,MAPKAPK3
MAPKAPK5,92.66666666666667,89,KEA3,0.7171428571428572,3,CAMK,MAPKAPK,MAPKAPK,MAPKAPK5
MARK2,171,181,KEA3,0.3942857142857143,2,CAMK,CAMKL,MARK,MARK2
MARK3,203.33333333333334,211,KEA3,0.2914285714285714,2,CAMK,CAMKL,MARK,MARK3
MARK4,335,299,KEA3,0.011428571428571429,1,CAMK,CAMKL,MARK,MARK4
MAST1,236.5,238,KEA3,0.2,1,AGC,MAST,MAST,MAST1
MAST2,321,289,KEA3,0.04,1,AGC,MAST,MAST,MAST2
MATK,76,65,KEA3,0.7942857142857143,4,TK,CSK,NA,MATK
MELK,288,272,KEA3,0.08857142857142856,1,CAMK,CAMKL,MELK,MELK
MERTK,44,35,KEA3,0.8828571428571429,4,TK,AXL,NA,MERTK
MET,13,6,KEA3,0.9828571428571429,4,TK,MET,NA,MET
MKNK1,193,202,KEA3,0.3171428571428571,2,CAMK,MAPKAPK,MNK,MKNK1
MKNK2,247,244,KEA3,0.17714285714285713,1,CAMK,MAPKAPK,MNK,MKNK2
MOK,146.5,153,KEA3,0.4857142857142857,2,CMGC,RCK,NA,MOK
MOS,315,284,KEA3,0.054285714285714284,1,OTHER,MOS,NA,MOS
MST1R,116,119,KEA3,0.6114285714285714,3,TK,MET,NA,MST1R
MTOR,125.33333333333333,129,KEA3,0.5657142857142857,3,ATYPICAL,PIKK,FRAP,MTOR
MYLK2,206,213,KEA3,0.2857142857142857,2,CAMK,MLCK,NA,MYLK2
MYO3A,257,251,KEA3,0.15428571428571428,1,STE,STE20,NINAC,MYO3A
NEK10,265,257,KEA3,0.13428571428571429,1,OTHER,NEK,NEK10,NEK10
NEK11,320,288,KEA3,0.04285714285714286,1,OTHER,NEK,NEK11,NEK11
NEK2,101.66666666666667,102,KEA3,0.6742857142857143,3,OTHER,NEK,NEK2,NEK2
NEK3,160.5,172,KEA3,0.42,2,OTHER,NEK,NEK1,NEK3
NEK4,218.5,223,KEA3,0.25142857142857145,2,OTHER,NEK,NEK4,NEK4
NEK6,72.66666666666667,61,KEA3,0.8057142857142857,4,OTHER,NEK,NEK6,NEK6
NEK8,215.5,221,KEA3,0.2571428571428571,2,OTHER,NEK,NEK8,NEK8
NEK9,97.5,96,KEA3,0.6914285714285714,3,OTHER,NEK,NEK8,NEK9
NIM1K,244,241,KEA3,0.19142857142857142,1,CAMK,CAMKL,NIM1,NIM1K
NLK,180,189,KEA3,0.36,2,CMGC,MAPK,NMO,NLK
NPR2,87.5,82,KEA3,0.7371428571428571,3,RGC,RGC,NA,NPR2
NRBP2,227,231,KEA3,0.2257142857142857,1,OTHER,NRBP,NA,NRBP2
NTRK1,8,4,KEA3,0.9914285714285714,4,TK,TRK,NA,NTRK1
NTRK2,282,269,KEA3,0.09714285714285714,1,TK,TRK,NA,NTRK2
NTRK3,168,178,KEA3,0.40285714285714286,2,TK,TRK,NA,NTRK3
NUAK1,163.33333333333334,175,KEA3,0.4114285714285714,2,CAMK,CAMKL,NUAK,NUAK1
NUAK2,290,274,KEA3,0.08285714285714285,1,CAMK,CAMKL,NUAK,NUAK2
OXSR1,276,264,KEA3,0.11142857142857143,1,STE,STE20,FRAY,OXSR1
PAK1,64.33333333333333,54,KEA3,0.8257142857142857,4,STE,STE20,PAKA,PAK1
PAK2,116,119,KEA3,0.6114285714285714,3,STE,STE20,PAKA,PAK2
PAK3,157,170,KEA3,0.42857142857142855,2,STE,STE20,PAKA,PAK3
PAK4,42.333333333333336,33,KEA3,0.8914285714285715,4,STE,STE20,PAKB,PAK4
PAK5,275,263,KEA3,0.11714285714285715,1,STE,STE20,PAKB,PAK5
PAK6,153,166,KEA3,0.44571428571428573,2,STE,STE20,PAKB,PAK6
PASK,246,243,KEA3,0.18571428571428572,1,CAMK,CAMKL,PASK,PASK
PBK,211.66666666666666,218,KEA3,0.26857142857142857,2,OTHER,TOPK,NA,PBK
PDGFRA,34,21,KEA3,0.9371428571428572,4,TK,PDGFR,NA,PDGFRA
PDGFRB,19.666666666666668,10,KEA3,0.9714285714285714,4,TK,PDGFR,NA,PDGFRB
PDIK1L,314,283,KEA3,0.05714285714285714,1,OTHER,NKF4,NA,PDIK1L
PDK1,67.5,58,KEA3,0.8142857142857143,4,ATYPICAL,PDHK,PDHK,PDK1
PDPK1,37.5,26,KEA3,0.9171428571428571,4,AGC,PDK1,NA,PDPK1
PIK3CA,2,1,KEA3,1,4,NA,NA,NA,PIK3CA
PIK3CB,252,247,KEA3,0.16857142857142857,1,NA,NA,NA,PIK3CB
PIK3CG,281,268,KEA3,0.1,1,NA,NA,NA,PIK3CG
PIK3R4,131,134,KEA3,0.5485714285714286,3,OTHER,VPS15,NA,PIK3R4
PIM1,96,94,KEA3,0.6971428571428572,3,CAMK,PIM,NA,PIM1
PIM2,88.5,83,KEA3,0.7342857142857143,3,CAMK,PIM,NA,PIM2
PINK1,152,164,KEA3,0.4514285714285714,2,OTHER,NKF2,NA,PINK1
PKMYT1,237,239,KEA3,0.19714285714285715,1,OTHER,WEE,NA,PKMYT1
PKN1,65,55,KEA3,0.8228571428571428,4,AGC,PKN,NA,PKN1
PLK1,103,105,KEA3,0.6657142857142857,3,OTHER,PLK,PLK1,PLK1
PLK2,162,174,KEA3,0.4142857142857143,2,OTHER,PLK,PLK2,PLK2
PLK3,144,149,KEA3,0.49714285714285716,2,OTHER,PLK,PLK2,PLK3
PLK4,137,143,KEA3,0.5142857142857142,3,OTHER,PLK,SAK,PLK4
PNCK,50,41,KEA3,0.8657142857142858,4,CAMK,CAMK1,NA,PNCK
PRKAA1,62,53,KEA3,0.8314285714285714,4,CAMK,CAMKL,AMPK,PRKAA1
PRKAA2,136.66666666666666,142,KEA3,0.52,3,CAMK,CAMKL,AMPK,PRKAA2
PRKACA,53.66666666666667,43,KEA3,0.86,4,AGC,PKA,NA,PRKACA
PRKACB,259,253,KEA3,0.14857142857142858,1,AGC,PKA,NA,PRKACB
PRKCA,46.66666666666667,38,KEA3,0.8742857142857143,4,AGC,PKC,ALPHA,PRKCA
PRKCB,20.666666666666664,13,KEA3,0.9628571428571429,4,AGC,PKC,ALPHA,PRKCB
PRKCD,45,37,KEA3,0.8771428571428571,4,AGC,PKC,DELTA,PRKCD
PRKCE,64.33333333333333,54,KEA3,0.8257142857142857,4,AGC,PKC,ETA,PRKCE
PRKCG,52,42,KEA3,0.8628571428571429,4,AGC,PKC,ALPHA,PRKCG
PRKCH,20.333333333333332,12,KEA3,0.9657142857142857,4,AGC,PKC,ETA,PRKCH
PRKCI,125.33333333333333,129,KEA3,0.5657142857142857,3,AGC,PKC,IOTA,PRKCI
PRKCQ,61.333333333333336,51,KEA3,0.8371428571428572,4,AGC,PKC,DELTA,PRKCQ
PRKCZ,89.66666666666667,85,KEA3,0.7285714285714285,3,AGC,PKC,IOTA,PRKCZ
PRKD1,36,24,KEA3,0.9285714285714286,4,CAMK,PKD,NA,PRKD1
PRKD2,186.33333333333334,195,KEA3,0.34,2,CAMK,PKD,NA,PRKD2
PRKD3,174,183,KEA3,0.38571428571428573,2,CAMK,PKD,NA,PRKD3
PRKDC,80.33333333333333,72,KEA3,0.7714285714285715,4,ATYPICAL,PIKK,DNAPK,PRKDC
PRKG1,130,133,KEA3,0.5514285714285714,3,AGC,PKG,NA,PRKG1
PRKG2,179,187,KEA3,0.36857142857142855,2,AGC,PKG,NA,PRKG2
PRKX,269,260,KEA3,0.12571428571428572,1,AGC,PKA,NA,PRKX
PRKY,160,171,KEA3,0.4228571428571429,2,AGC,PKA,NA,PRKY
PRPF4B,203.5,212,KEA3,0.2885714285714286,2,CMGC,DYRK,PRP4,PRPF4B
PTK2,38,27,KEA3,0.9114285714285715,4,TK,FAK,NA,PTK2
PTK2B,38.666666666666664,28,KEA3,0.9085714285714286,4,TK,FAK,NA,PTK2B
PTK6,44,35,KEA3,0.8828571428571429,4,TK,SRC,SRM,PTK6
PXK,156,169,KEA3,0.43142857142857144,2,OTHER,SLOB,NA,PXK
RAF1,102.33333333333333,103,KEA3,0.6714285714285714,3,TKL,RAF,RAF,RAF1
RET,7.333333333333333,3,KEA3,0.9942857142857143,4,TK,RET,NA,RET
RIOK1,308,280,KEA3,0.06571428571428571,1,ATYPICAL,RIO,RIO1,RIOK1
RIPK1,255,250,KEA3,0.16,1,TKL,RIPK,NA,RIPK1
RIPK2,132,135,KEA3,0.54,3,TKL,RIPK,NA,RIPK2
RIPK3,99.5,98,KEA3,0.6857142857142857,3,TKL,RIPK,NA,RIPK3
ROCK1,86.33333333333333,81,KEA3,0.74,3,AGC,DMPK,ROCK,ROCK1
ROCK2,197.33333333333334,205,KEA3,0.30857142857142855,2,AGC,DMPK,ROCK,ROCK2
RPS6KA1,91.33333333333333,87,KEA3,0.7228571428571429,3,AGC,RSK,RSK,RPS6KA1
RPS6KA2,92.5,88,KEA3,0.72,3,AGC,RSK,RSK,RPS6KA2
RPS6KA3,110,109,KEA3,0.6485714285714286,3,AGC,RSK,RSK,RPS6KA3
RPS6KA4,180,189,KEA3,0.36,2,AGC,RSK,MSK,RPS6KA4
RPS6KA5,101,101,KEA3,0.6771428571428572,3,AGC,RSK,MSK,RPS6KA5
RPS6KB1,79.66666666666667,70,KEA3,0.7771428571428571,4,AGC,RSK,P70,RPS6KB1
RPS6KB2,161.66666666666666,173,KEA3,0.41714285714285715,2,AGC,RSK,P70,RPS6KB2
RPS6KL1,283,270,KEA3,0.09428571428571429,1,AGC,RSKL,NA,RPS6KL1
SCYL1,330,296,KEA3,0.02,1,OTHER,SCY1,NA,SCYL1
SCYL2,86,80,KEA3,0.7428571428571429,3,OTHER,SCY1,NA,SCYL2
SCYL3,151,160,KEA3,0.4657142857142857,2,OTHER,SCY1,NA,SCYL3
SGK1,138.33333333333334,144,KEA3,0.5114285714285715,3,AGC,SGK,NA,SGK1
SGK2,217,222,KEA3,0.2542857142857143,2,AGC,SGK,NA,SGK2
SGK3,229,233,KEA3,0.21714285714285714,1,AGC,SGK,NA,SGK3
SIK1,160,171,KEA3,0.4228571428571429,2,CAMK,CAMKL,QIK,SIK1
SIK2,224,227,KEA3,0.23714285714285716,1,CAMK,CAMKL,QIK,SIK2
SMG1,332,297,KEA3,0.017142857142857144,1,ATYPICAL,PIKK,SMG1,SMG1
SNRK,229.5,234,KEA3,0.21428571428571427,1,CAMK,CAMKL,SNRK,SNRK
SRC,29,20,KEA3,0.94,4,TK,SRC,SRCA,SRC
SRMS,211,217,KEA3,0.2714285714285714,2,TK,SRC,SRM,SRMS
SRPK1,125,128,KEA3,0.5714285714285714,3,CMGC,SRPK,NA,SRPK1
SRPK2,140.5,147,KEA3,0.5028571428571429,3,CMGC,SRPK,NA,SRPK2
STK10,268,259,KEA3,0.12857142857142856,1,STE,STE20,SLK,STK10
STK11,132,135,KEA3,0.54,3,CAMK,CAMKL,LKB,STK11
STK16,95,92,KEA3,0.7057142857142857,3,OTHER,NAK,MPSK,STK16
STK17A,113,114,KEA3,0.6314285714285715,3,CAMK,DAPK,DRAK,STK17A
STK24,59,48,KEA3,0.8457142857142858,4,STE,STE20,YSK,STK24
STK25,196,204,KEA3,0.31142857142857144,2,STE,STE20,YSK,STK25
STK26,212.5,219,KEA3,0.26571428571428574,2,STE,STE20,YSK,STK26
STK3,110,109,KEA3,0.6485714285714286,3,STE,STE20,MST,STK3
STK33,245,242,KEA3,0.18857142857142858,1,CAMK,CAMK-UNIQUE,NA,STK33
STK36,257,251,KEA3,0.15428571428571428,1,OTHER,ULK,FUSED,STK36
STK38,118,120,KEA3,0.6085714285714285,3,AGC,NDR,NA,STK38
STK38L,150,158,KEA3,0.4714285714285714,2,AGC,NDR,NA,STK38L
STK39,132,135,KEA3,0.54,3,STE,STE20,FRAY,STK39
STK4,209.5,215,KEA3,0.27714285714285714,2,STE,STE20,MST,STK4
STK40,239,240,KEA3,0.19428571428571428,1,CAMK,SGK495,NA,STK40
STYK1,125,128,KEA3,0.5714285714285714,3,TK,TK-UNIQUE,NA,STYK1
SYK,17,8,KEA3,0.9771428571428571,4,TK,SYK,NA,SYK
TAOK1,318,287,KEA3,0.045714285714285714,1,STE,STE20,TAO,TAOK1
TBK1,54.333333333333336,44,KEA3,0.8571428571428571,4,OTHER,IKK,NA,TBK1
TEC,80.5,73,KEA3,0.7685714285714286,4,TK,TEC,NA,TEC
TEK,279,266,KEA3,0.10571428571428572,1,TK,TIE,NA,TEK
TESK1,249,245,KEA3,0.1742857142857143,1,TKL,LISK,TESK,TESK1
TESK2,188,198,KEA3,0.32857142857142857,2,TKL,LISK,TESK,TESK2
TGFBR1,222,225,KEA3,0.24285714285714285,1,TKL,STKR,TYPE1,TGFBR1
TGFBR2,95.5,93,KEA3,0.7028571428571428,3,TKL,STKR,TYPE2,TGFBR2
TLK1,339,303,KEA3,0,1,OTHER,TLK,NA,TLK1
TNIK,324,291,KEA3,0.03428571428571429,1,STE,STE20,MSN,TNIK
TNK2,105,106,KEA3,0.66,3,TK,ACK,NA,TNK2
TNNI3K,107,107,KEA3,0.6571428571428571,3,TKL,MLK,HH498,TNNI3K
TP53RK,338,302,KEA3,0.002857142857142857,1,OTHER,BUD32,NA,TP53RK
TRIB3,174,183,KEA3,0.38571428571428573,2,CAMK,TRBL,NA,TRIB3
TRPM7,156,169,KEA3,0.43142857142857144,2,ATYPICAL,ALPHA,CHAK,TRPM7
TTK,144.33333333333334,150,KEA3,0.4942857142857143,2,OTHER,TTK,NA,TTK
TXK,113,114,KEA3,0.6314285714285715,3,TK,TEC,NA,TXK
TYK2,77.33333333333333,66,KEA3,0.7914285714285715,4,TK,JAKA,NA,TYK2
TYRO3,13,6,KEA3,0.9828571428571429,4,TK,AXL,NA,TYRO3
UHMK1,147.5,154,KEA3,0.4828571428571429,2,OTHER,KIS,NA,UHMK1
ULK1,214,220,KEA3,0.26285714285714284,2,OTHER,ULK,ULK,ULK1
VRK1,175,184,KEA3,0.38285714285714284,2,CK1,VRK,NA,VRK1
VRK3,253.5,248,KEA3,0.1657142857142857,1,CK1,VRK,NA,VRK3
WEE1,80,71,KEA3,0.7742857142857142,4,OTHER,WEE,NA,WEE1
WNK1,137,143,KEA3,0.5142857142857142,3,OTHER,WNK,NA,WNK1
YES1,65.66666666666667,57,KEA3,0.8171428571428572,4,TK,SRC,SRCA,YES1
ZAP70,18.333333333333332,9,KEA3,0.9742857142857143,4,TK,SYK,NA,ZAP70
DDR,2.9175,1,KRSA,0.968421052631579,4,TK,DDR,NA,DDR1
DDR,2.9175,1,KRSA,0.968421052631579,4,TK,DDR,NA,DDR2
EGFR,2.31,2,KRSA,0.9263157894736842,4,TK,EGFR,NA,EGFR
EGFR,2.31,2,KRSA,0.9263157894736842,4,TK,EGFR,NA,ERBB2
EGFR,2.31,2,KRSA,0.9263157894736842,4,TK,EGFR,NA,ERBB3
EGFR,2.31,2,KRSA,0.9263157894736842,4,TK,EGFR,NA,ERBB4
INSR,1.315,5,KRSA,0.8,4,TK,INSR,NA,IGF1R
INSR,1.315,5,KRSA,0.8,4,TK,INSR,NA,INSR
INSR,1.315,5,KRSA,0.8,4,TK,INSR,NA,INSRR
FRK,1.3875,3,KRSA,0.8842105263157894,4,TK,SRC,FRK,FRK
PDGFR,1.38,4,KRSA,0.8421052631578947,4,TK,PDGFR,NA,CSF1R
PDGFR,1.38,4,KRSA,0.8421052631578947,4,TK,PDGFR,NA,FLT3
PDGFR,1.38,4,KRSA,0.8421052631578947,4,TK,PDGFR,NA,KIT
PDGFR,1.38,4,KRSA,0.8421052631578947,4,TK,PDGFR,NA,PDGFRA
PDGFR,1.38,4,KRSA,0.8421052631578947,4,TK,PDGFR,NA,PDGFRB
SEV,1.155,6,KRSA,0.7578947368421053,4,TK,SEV,NA,ROS1
ACK,1.145,7,KRSA,0.7157894736842105,3,TK,ACK,NA,TNK2
EPH,-1.0325,8,KRSA,0.6736842105263158,3,TK,EPH,NA,EPHA1
EPH,-1.0325,8,KRSA,0.6736842105263158,3,TK,EPH,NA,EPHA2
EPH,-1.0325,8,KRSA,0.6736842105263158,3,TK,EPH,NA,EPHA3
EPH,-1.0325,8,KRSA,0.6736842105263158,3,TK,EPH,NA,EPHA4
EPH,-1.0325,8,KRSA,0.6736842105263158,3,TK,EPH,NA,EPHA5
EPH,-1.0325,8,KRSA,0.6736842105263158,3,TK,EPH,NA,EPHA7
EPH,-1.0325,8,KRSA,0.6736842105263158,3,TK,EPH,NA,EPHA8
EPH,-1.0325,8,KRSA,0.6736842105263158,3,TK,EPH,NA,EPHB1
EPH,-1.0325,8,KRSA,0.6736842105263158,3,TK,EPH,NA,EPHB2
EPH,-1.0325,8,KRSA,0.6736842105263158,3,TK,EPH,NA,EPHB3
EPH,-1.0325,8,KRSA,0.6736842105263158,3,TK,EPH,NA,EPHB4
SRC,-0.545,14,KRSA,0.37894736842105264,2,TK,SRC,SRCB,BLK
SRC,-0.545,14,KRSA,0.37894736842105264,2,TK,SRC,SRCA,FGR
SRC,-0.545,14,KRSA,0.37894736842105264,2,TK,SRC,SRCA,FYN
SRC,-0.545,14,KRSA,0.37894736842105264,2,TK,SRC,SRCB,HCK
SRC,-0.545,14,KRSA,0.37894736842105264,2,TK,SRC,SRCB,LCK
SRC,-0.545,14,KRSA,0.37894736842105264,2,TK,SRC,SRCB,LYN
SRC,-0.545,14,KRSA,0.37894736842105264,2,TK,SRC,SRM,PTK6
SRC,-0.545,14,KRSA,0.37894736842105264,2,TK,SRC,SRCA,SRC
SRC,-0.545,14,KRSA,0.37894736842105264,2,TK,SRC,SRM,SRMS
SRC,-0.545,14,KRSA,0.37894736842105264,2,TK,SRC,SRCA,YES1
TEC,0.8425,10,KRSA,0.5473684210526316,3,TK,TEC,NA,BMX
TEC,0.8425,10,KRSA,0.5473684210526316,3,TK,TEC,NA,BTK
TEC,0.8425,10,KRSA,0.5473684210526316,3,TK,TEC,NA,ITK
TEC,0.8425,10,KRSA,0.5473684210526316,3,TK,TEC,NA,TEC
TEC,0.8425,10,KRSA,0.5473684210526316,3,TK,TEC,NA,TXK
ABL,0.5575,13,KRSA,0.42105263157894735,2,TK,ABL,NA,ABL1
ABL,0.5575,13,KRSA,0.42105263157894735,2,TK,ABL,NA,ABL2
MET,0.8425,10,KRSA,0.5473684210526316,3,TK,MET,NA,MET
MET,0.8425,10,KRSA,0.5473684210526316,3,TK,MET,NA,MST1R
AXL,-0.1325,21,KRSA,0.08421052631578947,1,TK,AXL,NA,AXL
AXL,-0.1325,21,KRSA,0.08421052631578947,1,TK,AXL,NA,MERTK
AXL,-0.1325,21,KRSA,0.08421052631578947,1,TK,AXL,NA,TYRO3
CSK,0.635,12,KRSA,0.4631578947368421,2,TK,CSK,NA,CSK
CSK,0.635,12,KRSA,0.4631578947368421,2,TK,CSK,NA,MATK
VEGFR,-0.895,9,KRSA,0.631578947368421,3,TK,VEGFR,NA,FLT1
VEGFR,-0.895,9,KRSA,0.631578947368421,3,TK,VEGFR,NA,FLT4
VEGFR,-0.895,9,KRSA,0.631578947368421,3,TK,VEGFR,NA,KDR
JAK,-0.16749999999999998,19,KRSA,0.16842105263157894,1,TK,JAKA,NA,JAK1
JAK,-0.16749999999999998,19,KRSA,0.16842105263157894,1,TK,JAKA,NA,JAK2
JAK,-0.16749999999999998,19,KRSA,0.16842105263157894,1,TK,JAKA,NA,JAK3
JAK,-0.16749999999999998,19,KRSA,0.16842105263157894,1,TK,JAKA,NA,TYK2
FGFR,-0.46,15,KRSA,0.3368421052631579,2,TK,FGFR,NA,FGFR1
FGFR,-0.46,15,KRSA,0.3368421052631579,2,TK,FGFR,NA,FGFR2
FGFR,-0.46,15,KRSA,0.3368421052631579,2,TK,FGFR,NA,FGFR3
FGFR,-0.46,15,KRSA,0.3368421052631579,2,TK,FGFR,NA,FGFR4
RET,-0.10750000000000004,22,KRSA,0.042105263157894736,1,TK,RET,NA,RET
FAK,0.68,11,KRSA,0.5052631578947369,3,TK,FAK,NA,PTK2
FAK,0.68,11,KRSA,0.5052631578947369,3,TK,FAK,NA,PTK2B
ALK,-0.36,16,KRSA,0.29473684210526313,2,TK,ALK,NA,ALK
ALK,-0.36,16,KRSA,0.29473684210526313,2,TK,ALK,NA,LTK
TRK,0.14250000000000002,20,KRSA,0.12631578947368421,1,TK,TRK,NA,NTRK1
TRK,0.14250000000000002,20,KRSA,0.12631578947368421,1,TK,TRK,NA,NTRK2
TRK,0.14250000000000002,20,KRSA,0.12631578947368421,1,TK,TRK,NA,NTRK3
SYK,0.28,17,KRSA,0.25263157894736843,2,TK,SYK,NA,SYK
SYK,0.28,17,KRSA,0.25263157894736843,2,TK,SYK,NA,ZAP70
RYK,0.1875,18,KRSA,0.21052631578947367,1,TK,RYK,NA,RYK
FER,0.055,23,KRSA,0,1,TK,FER,NA,FER
FER,0.055,23,KRSA,0,1,TK,FER,NA,FES
DDR,2.9175,1,KRSA,0.968421052631579,4,TK,DDR,NA,DDR1
DDR,2.9175,1,KRSA,0.968421052631579,4,TK,DDR,NA,DDR2
EGFR,2.31,2,KRSA,0.9263157894736842,4,TK,EGFR,NA,EGFR
EGFR,2.31,2,KRSA,0.9263157894736842,4,TK,EGFR,NA,ERBB2
EGFR,2.31,2,KRSA,0.9263157894736842,4,TK,EGFR,NA,ERBB3
EGFR,2.31,2,KRSA,0.9263157894736842,4,TK,EGFR,NA,ERBB4
PDGFR,1.38,4,KRSA,0.8421052631578947,4,TK,PDGFR,NA,CSF1R
PDGFR,1.38,4,KRSA,0.8421052631578947,4,TK,PDGFR,NA,FLT3
PDGFR,1.38,4,KRSA,0.8421052631578947,4,TK,PDGFR,NA,KIT
PDGFR,1.38,4,KRSA,0.8421052631578947,4,TK,PDGFR,NA,PDGFRA
PDGFR,1.38,4,KRSA,0.8421052631578947,4,TK,PDGFR,NA,PDGFRB
FRK,1.3875,3,KRSA,0.8842105263157894,4,TK,SRC,FRK,FRK
SEV,1.155,6,KRSA,0.7578947368421053,4,TK,SEV,NA,ROS1
ACK,1.145,7,KRSA,0.7157894736842105,3,TK,ACK,NA,TNK2
INSR,1.315,5,KRSA,0.8,4,TK,INSR,NA,IGF1R
INSR,1.315,5,KRSA,0.8,4,TK,INSR,NA,INSR
INSR,1.315,5,KRSA,0.8,4,TK,INSR,NA,INSRR
TEC,0.8425,10,KRSA,0.5473684210526316,3,TK,TEC,NA,BMX
TEC,0.8425,10,KRSA,0.5473684210526316,3,TK,TEC,NA,BTK
TEC,0.8425,10,KRSA,0.5473684210526316,3,TK,TEC,NA,ITK
TEC,0.8425,10,KRSA,0.5473684210526316,3,TK,TEC,NA,TEC
TEC,0.8425,10,KRSA,0.5473684210526316,3,TK,TEC,NA,TXK
EPH,-1.0325,8,KRSA,0.6736842105263158,3,TK,EPH,NA,EPHA1
EPH,-1.0325,8,KRSA,0.6736842105263158,3,TK,EPH,NA,EPHA2
EPH,-1.0325,8,KRSA,0.6736842105263158,3,TK,EPH,NA,EPHA3
EPH,-1.0325,8,KRSA,0.6736842105263158,3,TK,EPH,NA,EPHA4
EPH,-1.0325,8,KRSA,0.6736842105263158,3,TK,EPH,NA,EPHA5
EPH,-1.0325,8,KRSA,0.6736842105263158,3,TK,EPH,NA,EPHA7
EPH,-1.0325,8,KRSA,0.6736842105263158,3,TK,EPH,NA,EPHA8
EPH,-1.0325,8,KRSA,0.6736842105263158,3,TK,EPH,NA,EPHB1
EPH,-1.0325,8,KRSA,0.6736842105263158,3,TK,EPH,NA,EPHB2
EPH,-1.0325,8,KRSA,0.6736842105263158,3,TK,EPH,NA,EPHB3
EPH,-1.0325,8,KRSA,0.6736842105263158,3,TK,EPH,NA,EPHB4
MET,0.8425,10,KRSA,0.5473684210526316,3,TK,MET,NA,MET
MET,0.8425,10,KRSA,0.5473684210526316,3,TK,MET,NA,MST1R
CSK,0.635,12,KRSA,0.4631578947368421,2,TK,CSK,NA,CSK
CSK,0.635,12,KRSA,0.4631578947368421,2,TK,CSK,NA,MATK
ABL,0.5575,13,KRSA,0.42105263157894735,2,TK,ABL,NA,ABL1
ABL,0.5575,13,KRSA,0.42105263157894735,2,TK,ABL,NA,ABL2
SRC,-0.545,14,KRSA,0.37894736842105264,2,TK,SRC,SRCB,BLK
SRC,-0.545,14,KRSA,0.37894736842105264,2,TK,SRC,SRCA,FGR
SRC,-0.545,14,KRSA,0.37894736842105264,2,TK,SRC,SRCA,FYN
SRC,-0.545,14,KRSA,0.37894736842105264,2,TK,SRC,SRCB,HCK
SRC,-0.545,14,KRSA,0.37894736842105264,2,TK,SRC,SRCB,LCK
SRC,-0.545,14,KRSA,0.37894736842105264,2,TK,SRC,SRCB,LYN
SRC,-0.545,14,KRSA,0.37894736842105264,2,TK,SRC,SRM,PTK6
SRC,-0.545,14,KRSA,0.37894736842105264,2,TK,SRC,SRCA,SRC
SRC,-0.545,14,KRSA,0.37894736842105264,2,TK,SRC,SRM,SRMS
SRC,-0.545,14,KRSA,0.37894736842105264,2,TK,SRC,SRCA,YES1
VEGFR,-0.895,9,KRSA,0.631578947368421,3,TK,VEGFR,NA,FLT1
VEGFR,-0.895,9,KRSA,0.631578947368421,3,TK,VEGFR,NA,FLT4
VEGFR,-0.895,9,KRSA,0.631578947368421,3,TK,VEGFR,NA,KDR
JAK,-0.16749999999999998,19,KRSA,0.16842105263157894,1,TK,JAKA,NA,JAK1
JAK,-0.16749999999999998,19,KRSA,0.16842105263157894,1,TK,JAKA,NA,JAK2
JAK,-0.16749999999999998,19,KRSA,0.16842105263157894,1,TK,JAKA,NA,JAK3
JAK,-0.16749999999999998,19,KRSA,0.16842105263157894,1,TK,JAKA,NA,TYK2
FAK,0.68,11,KRSA,0.5052631578947369,3,TK,FAK,NA,PTK2
FAK,0.68,11,KRSA,0.5052631578947369,3,TK,FAK,NA,PTK2B
AXL,-0.1325,21,KRSA,0.08421052631578947,1,TK,AXL,NA,AXL
AXL,-0.1325,21,KRSA,0.08421052631578947,1,TK,AXL,NA,MERTK
AXL,-0.1325,21,KRSA,0.08421052631578947,1,TK,AXL,NA,TYRO3
FGFR,-0.46,15,KRSA,0.3368421052631579,2,TK,FGFR,NA,FGFR1
FGFR,-0.46,15,KRSA,0.3368421052631579,2,TK,FGFR,NA,FGFR2
FGFR,-0.46,15,KRSA,0.3368421052631579,2,TK,FGFR,NA,FGFR3
FGFR,-0.46,15,KRSA,0.3368421052631579,2,TK,FGFR,NA,FGFR4
SYK,0.28,17,KRSA,0.25263157894736843,2,TK,SYK,NA,SYK
SYK,0.28,17,KRSA,0.25263157894736843,2,TK,SYK,NA,ZAP70
RET,-0.10750000000000004,22,KRSA,0.042105263157894736,1,TK,RET,NA,RET
RYK,0.1875,18,KRSA,0.21052631578947367,1,TK,RYK,NA,RYK
FER,0.055,23,KRSA,0,1,TK,FER,NA,FER
FER,0.055,23,KRSA,0,1,TK,FER,NA,FES
ALK,-0.36,16,KRSA,0.29473684210526313,2,TK,ALK,NA,ALK
ALK,-0.36,16,KRSA,0.29473684210526313,2,TK,ALK,NA,LTK
TRK,0.14250000000000002,20,KRSA,0.12631578947368421,1,TK,TRK,NA,NTRK1
TRK,0.14250000000000002,20,KRSA,0.12631578947368421,1,TK,TRK,NA,NTRK2
TRK,0.14250000000000002,20,KRSA,0.12631578947368421,1,TK,TRK,NA,NTRK3
DDR,2.9175,1,KRSA,0.968421052631579,4,TK,DDR,NA,DDR1
DDR,2.9175,1,KRSA,0.968421052631579,4,TK,DDR,NA,DDR2
EGFR,2.31,2,KRSA,0.9263157894736842,4,TK,EGFR,NA,EGFR
EGFR,2.31,2,KRSA,0.9263157894736842,4,TK,EGFR,NA,ERBB2
EGFR,2.31,2,KRSA,0.9263157894736842,4,TK,EGFR,NA,ERBB3
EGFR,2.31,2,KRSA,0.9263157894736842,4,TK,EGFR,NA,ERBB4
FRK,1.3875,3,KRSA,0.8842105263157894,4,TK,SRC,FRK,FRK
PDGFR,1.38,4,KRSA,0.8421052631578947,4,TK,PDGFR,NA,CSF1R
PDGFR,1.38,4,KRSA,0.8421052631578947,4,TK,PDGFR,NA,FLT3
PDGFR,1.38,4,KRSA,0.8421052631578947,4,TK,PDGFR,NA,KIT
PDGFR,1.38,4,KRSA,0.8421052631578947,4,TK,PDGFR,NA,PDGFRA
PDGFR,1.38,4,KRSA,0.8421052631578947,4,TK,PDGFR,NA,PDGFRB
INSR,1.315,5,KRSA,0.8,4,TK,INSR,NA,IGF1R
INSR,1.315,5,KRSA,0.8,4,TK,INSR,NA,INSR
INSR,1.315,5,KRSA,0.8,4,TK,INSR,NA,INSRR
SEV,1.155,6,KRSA,0.7578947368421053,4,TK,SEV,NA,ROS1
ACK,1.145,7,KRSA,0.7157894736842105,3,TK,ACK,NA,TNK2
EPH,-1.0325,8,KRSA,0.6736842105263158,3,TK,EPH,NA,EPHA1
EPH,-1.0325,8,KRSA,0.6736842105263158,3,TK,EPH,NA,EPHA2
EPH,-1.0325,8,KRSA,0.6736842105263158,3,TK,EPH,NA,EPHA3
EPH,-1.0325,8,KRSA,0.6736842105263158,3,TK,EPH,NA,EPHA4
EPH,-1.0325,8,KRSA,0.6736842105263158,3,TK,EPH,NA,EPHA5
EPH,-1.0325,8,KRSA,0.6736842105263158,3,TK,EPH,NA,EPHA7
EPH,-1.0325,8,KRSA,0.6736842105263158,3,TK,EPH,NA,EPHA8
EPH,-1.0325,8,KRSA,0.6736842105263158,3,TK,EPH,NA,EPHB1
EPH,-1.0325,8,KRSA,0.6736842105263158,3,TK,EPH,NA,EPHB2
EPH,-1.0325,8,KRSA,0.6736842105263158,3,TK,EPH,NA,EPHB3
EPH,-1.0325,8,KRSA,0.6736842105263158,3,TK,EPH,NA,EPHB4
VEGFR,-0.895,9,KRSA,0.631578947368421,3,TK,VEGFR,NA,FLT1
VEGFR,-0.895,9,KRSA,0.631578947368421,3,TK,VEGFR,NA,FLT4
VEGFR,-0.895,9,KRSA,0.631578947368421,3,TK,VEGFR,NA,KDR
TEC,0.8425,10,KRSA,0.5473684210526316,3,TK,TEC,NA,BMX
TEC,0.8425,10,KRSA,0.5473684210526316,3,TK,TEC,NA,BTK
TEC,0.8425,10,KRSA,0.5473684210526316,3,TK,TEC,NA,ITK
TEC,0.8425,10,KRSA,0.5473684210526316,3,TK,TEC,NA,TEC
TEC,0.8425,10,KRSA,0.5473684210526316,3,TK,TEC,NA,TXK
MET,0.8425,10,KRSA,0.5473684210526316,3,TK,MET,NA,MET
MET,0.8425,10,KRSA,0.5473684210526316,3,TK,MET,NA,MST1R
SRC,-0.545,14,KRSA,0.37894736842105264,2,TK,SRC,SRCB,BLK
SRC,-0.545,14,KRSA,0.37894736842105264,2,TK,SRC,SRCA,FGR
SRC,-0.545,14,KRSA,0.37894736842105264,2,TK,SRC,SRCA,FYN
SRC,-0.545,14,KRSA,0.37894736842105264,2,TK,SRC,SRCB,HCK
SRC,-0.545,14,KRSA,0.37894736842105264,2,TK,SRC,SRCB,LCK
SRC,-0.545,14,KRSA,0.37894736842105264,2,TK,SRC,SRCB,LYN
SRC,-0.545,14,KRSA,0.37894736842105264,2,TK,SRC,SRM,PTK6
SRC,-0.545,14,KRSA,0.37894736842105264,2,TK,SRC,SRCA,SRC
SRC,-0.545,14,KRSA,0.37894736842105264,2,TK,SRC,SRM,SRMS
SRC,-0.545,14,KRSA,0.37894736842105264,2,TK,SRC,SRCA,YES1
FAK,0.68,11,KRSA,0.5052631578947369,3,TK,FAK,NA,PTK2
FAK,0.68,11,KRSA,0.5052631578947369,3,TK,FAK,NA,PTK2B
CSK,0.635,12,KRSA,0.4631578947368421,2,TK,CSK,NA,CSK
CSK,0.635,12,KRSA,0.4631578947368421,2,TK,CSK,NA,MATK
ALK,-0.36,16,KRSA,0.29473684210526313,2,TK,ALK,NA,ALK
ALK,-0.36,16,KRSA,0.29473684210526313,2,TK,ALK,NA,LTK
FGFR,-0.46,15,KRSA,0.3368421052631579,2,TK,FGFR,NA,FGFR1
FGFR,-0.46,15,KRSA,0.3368421052631579,2,TK,FGFR,NA,FGFR2
FGFR,-0.46,15,KRSA,0.3368421052631579,2,TK,FGFR,NA,FGFR3
FGFR,-0.46,15,KRSA,0.3368421052631579,2,TK,FGFR,NA,FGFR4
SYK,0.28,17,KRSA,0.25263157894736843,2,TK,SYK,NA,SYK
SYK,0.28,17,KRSA,0.25263157894736843,2,TK,SYK,NA,ZAP70
ABL,0.5575,13,KRSA,0.42105263157894735,2,TK,ABL,NA,ABL1
ABL,0.5575,13,KRSA,0.42105263157894735,2,TK,ABL,NA,ABL2
TRK,0.14250000000000002,20,KRSA,0.12631578947368421,1,TK,TRK,NA,NTRK1
TRK,0.14250000000000002,20,KRSA,0.12631578947368421,1,TK,TRK,NA,NTRK2
TRK,0.14250000000000002,20,KRSA,0.12631578947368421,1,TK,TRK,NA,NTRK3
RYK,0.1875,18,KRSA,0.21052631578947367,1,TK,RYK,NA,RYK
JAK,-0.16749999999999998,19,KRSA,0.16842105263157894,1,TK,JAKA,NA,JAK1
JAK,-0.16749999999999998,19,KRSA,0.16842105263157894,1,TK,JAKA,NA,JAK2
JAK,-0.16749999999999998,19,KRSA,0.16842105263157894,1,TK,JAKA,NA,JAK3
JAK,-0.16749999999999998,19,KRSA,0.16842105263157894,1,TK,JAKA,NA,TYK2
FER,0.055,23,KRSA,0,1,TK,FER,NA,FER
FER,0.055,23,KRSA,0,1,TK,FER,NA,FES
RET,-0.10750000000000004,22,KRSA,0.042105263157894736,1,TK,RET,NA,RET
AXL,-0.1325,21,KRSA,0.08421052631578947,1,TK,AXL,NA,AXL
AXL,-0.1325,21,KRSA,0.08421052631578947,1,TK,AXL,NA,MERTK
AXL,-0.1325,21,KRSA,0.08421052631578947,1,TK,AXL,NA,TYRO3
DDR,2.9175,1,KRSA,0.968421052631579,4,TK,DDR,NA,DDR1
DDR,2.9175,1,KRSA,0.968421052631579,4,TK,DDR,NA,DDR2
EGFR,2.31,2,KRSA,0.9263157894736842,4,TK,EGFR,NA,EGFR
EGFR,2.31,2,KRSA,0.9263157894736842,4,TK,EGFR,NA,ERBB2
EGFR,2.31,2,KRSA,0.9263157894736842,4,TK,EGFR,NA,ERBB3
EGFR,2.31,2,KRSA,0.9263157894736842,4,TK,EGFR,NA,ERBB4
VEGFR,-0.895,9,KRSA,0.631578947368421,3,TK,VEGFR,NA,FLT1
VEGFR,-0.895,9,KRSA,0.631578947368421,3,TK,VEGFR,NA,FLT4
VEGFR,-0.895,9,KRSA,0.631578947368421,3,TK,VEGFR,NA,KDR
FRK,1.3875,3,KRSA,0.8842105263157894,4,TK,SRC,FRK,FRK
INSR,1.315,5,KRSA,0.8,4,TK,INSR,NA,IGF1R
INSR,1.315,5,KRSA,0.8,4,TK,INSR,NA,INSR
INSR,1.315,5,KRSA,0.8,4,TK,INSR,NA,INSRR
PDGFR,1.38,4,KRSA,0.8421052631578947,4,TK,PDGFR,NA,CSF1R
PDGFR,1.38,4,KRSA,0.8421052631578947,4,TK,PDGFR,NA,FLT3
PDGFR,1.38,4,KRSA,0.8421052631578947,4,TK,PDGFR,NA,KIT
PDGFR,1.38,4,KRSA,0.8421052631578947,4,TK,PDGFR,NA,PDGFRA
PDGFR,1.38,4,KRSA,0.8421052631578947,4,TK,PDGFR,NA,PDGFRB
FAK,0.68,11,KRSA,0.5052631578947369,3,TK,FAK,NA,PTK2
FAK,0.68,11,KRSA,0.5052631578947369,3,TK,FAK,NA,PTK2B
MET,0.8425,10,KRSA,0.5473684210526316,3,TK,MET,NA,MET
MET,0.8425,10,KRSA,0.5473684210526316,3,TK,MET,NA,MST1R
ACK,1.145,7,KRSA,0.7157894736842105,3,TK,ACK,NA,TNK2
SEV,1.155,6,KRSA,0.7578947368421053,4,TK,SEV,NA,ROS1
EPH,-1.0325,8,KRSA,0.6736842105263158,3,TK,EPH,NA,EPHA1
EPH,-1.0325,8,KRSA,0.6736842105263158,3,TK,EPH,NA,EPHA2
EPH,-1.0325,8,KRSA,0.6736842105263158,3,TK,EPH,NA,EPHA3
EPH,-1.0325,8,KRSA,0.6736842105263158,3,TK,EPH,NA,EPHA4
EPH,-1.0325,8,KRSA,0.6736842105263158,3,TK,EPH,NA,EPHA5
EPH,-1.0325,8,KRSA,0.6736842105263158,3,TK,EPH,NA,EPHA7
EPH,-1.0325,8,KRSA,0.6736842105263158,3,TK,EPH,NA,EPHA8
EPH,-1.0325,8,KRSA,0.6736842105263158,3,TK,EPH,NA,EPHB1
EPH,-1.0325,8,KRSA,0.6736842105263158,3,TK,EPH,NA,EPHB2
EPH,-1.0325,8,KRSA,0.6736842105263158,3,TK,EPH,NA,EPHB3
EPH,-1.0325,8,KRSA,0.6736842105263158,3,TK,EPH,NA,EPHB4
CSK,0.635,12,KRSA,0.4631578947368421,2,TK,CSK,NA,CSK
CSK,0.635,12,KRSA,0.4631578947368421,2,TK,CSK,NA,MATK
ABL,0.5575,13,KRSA,0.42105263157894735,2,TK,ABL,NA,ABL1
ABL,0.5575,13,KRSA,0.42105263157894735,2,TK,ABL,NA,ABL2
TEC,0.8425,10,KRSA,0.5473684210526316,3,TK,TEC,NA,BMX
TEC,0.8425,10,KRSA,0.5473684210526316,3,TK,TEC,NA,BTK
TEC,0.8425,10,KRSA,0.5473684210526316,3,TK,TEC,NA,ITK
TEC,0.8425,10,KRSA,0.5473684210526316,3,TK,TEC,NA,TEC
TEC,0.8425,10,KRSA,0.5473684210526316,3,TK,TEC,NA,TXK
ALK,-0.36,16,KRSA,0.29473684210526313,2,TK,ALK,NA,ALK
ALK,-0.36,16,KRSA,0.29473684210526313,2,TK,ALK,NA,LTK
TRK,0.14250000000000002,20,KRSA,0.12631578947368421,1,TK,TRK,NA,NTRK1
TRK,0.14250000000000002,20,KRSA,0.12631578947368421,1,TK,TRK,NA,NTRK2
TRK,0.14250000000000002,20,KRSA,0.12631578947368421,1,TK,TRK,NA,NTRK3
FGFR,-0.46,15,KRSA,0.3368421052631579,2,TK,FGFR,NA,FGFR1
FGFR,-0.46,15,KRSA,0.3368421052631579,2,TK,FGFR,NA,FGFR2
FGFR,-0.46,15,KRSA,0.3368421052631579,2,TK,FGFR,NA,FGFR3
FGFR,-0.46,15,KRSA,0.3368421052631579,2,TK,FGFR,NA,FGFR4
RYK,0.1875,18,KRSA,0.21052631578947367,1,TK,RYK,NA,RYK
JAK,-0.16749999999999998,19,KRSA,0.16842105263157894,1,TK,JAKA,NA,JAK1
JAK,-0.16749999999999998,19,KRSA,0.16842105263157894,1,TK,JAKA,NA,JAK2
JAK,-0.16749999999999998,19,KRSA,0.16842105263157894,1,TK,JAKA,NA,JAK3
JAK,-0.16749999999999998,19,KRSA,0.16842105263157894,1,TK,JAKA,NA,TYK2
AXL,-0.1325,21,KRSA,0.08421052631578947,1,TK,AXL,NA,AXL
AXL,-0.1325,21,KRSA,0.08421052631578947,1,TK,AXL,NA,MERTK
AXL,-0.1325,21,KRSA,0.08421052631578947,1,TK,AXL,NA,TYRO3
FER,0.055,23,KRSA,0,1,TK,FER,NA,FER
FER,0.055,23,KRSA,0,1,TK,FER,NA,FES
SYK,0.28,17,KRSA,0.25263157894736843,2,TK,SYK,NA,SYK
SYK,0.28,17,KRSA,0.25263157894736843,2,TK,SYK,NA,ZAP70
RET,-0.10750000000000004,22,KRSA,0.042105263157894736,1,TK,RET,NA,RET
SRC,-0.545,14,KRSA,0.37894736842105264,2,TK,SRC,SRCB,BLK
SRC,-0.545,14,KRSA,0.37894736842105264,2,TK,SRC,SRCA,FGR
SRC,-0.545,14,KRSA,0.37894736842105264,2,TK,SRC,SRCA,FYN
SRC,-0.545,14,KRSA,0.37894736842105264,2,TK,SRC,SRCB,HCK
SRC,-0.545,14,KRSA,0.37894736842105264,2,TK,SRC,SRCB,LCK
SRC,-0.545,14,KRSA,0.37894736842105264,2,TK,SRC,SRCB,LYN
SRC,-0.545,14,KRSA,0.37894736842105264,2,TK,SRC,SRM,PTK6
SRC,-0.545,14,KRSA,0.37894736842105264,2,TK,SRC,SRCA,SRC
SRC,-0.545,14,KRSA,0.37894736842105264,2,TK,SRC,SRM,SRMS
SRC,-0.545,14,KRSA,0.37894736842105264,2,TK,SRC,SRCA,YES1
