Peptide,Pat27P_641039315_A1,Pat27P_641039315_A2,Pat27P_641039315_A3,Pat27R_641039315_A4,Pat27R_641039318_A1,Pat27R_641039318_A2,Pat27P_641039318_A3,Pat27P_641039318_A4,Pat27P_641039319_A1,Pat27R_641039319_A2,Pat27R_641039319_A3,Pat27R_641039319_A4,Pat31P_641039320_A1,Pat31P_641039320_A2,Pat31P_641039320_A3,Pat31R_641039320_A4,Pat31R_641039321_A1,Pat31R_641039321_A2,Pat31P_641039321_A3,Pat31P_641039321_A4,Pat31P_641039322_A1,Pat31R_641039322_A2,Pat31R_641039322_A3,Pat31R_641039322_A4
PAXI_111_123,9.58098734950074,10.69532679474744,9.996593398556753,10.64389021519992,11.174077731105298,9.083253516158122,9.366652123929596,10.543542573341176,10.2567205153109,10.839203788096944,10.910006262952722,9.135878649165653,NA,NA,NA,NA,NA,NA,NA,NA,NA,NA,NA,NA
RET_1022_1034,9.0541563296821,10.201337954073772,9.545000872303804,10.10130676444693,10.487802121540582,8.919987619718608,8.868618749334134,9.79073270111019,9.736114697626714,10.227229944124952,10.257031973169168,8.757908854138705,NA,NA,NA,NA,NA,NA,NA,NA,NA,NA,NA,NA
PECA1_706_718,8.694932741381066,9.934302850754642,8.92200930247342,9.53923198307269,10.485525559448812,7.98847033493448,8.671090378388792,9.783585141229285,9.554950783151623,10.031083453399024,10.104920124302794,7.8412231219818604,NA,NA,NA,NA,NA,NA,NA,NA,NA,NA,NA,NA
RASA1_453_465,7.598509032559104,8.647254766236589,7.850923936995003,8.446068919603336,9.085960920330896,6.683590533448872,7.523561956057013,8.480008990948468,8.008058585050206,8.667078059938472,8.864302966796204,6.787779383720843,9.828525726064152,11.286143616853057,10.725961034544229,6.752364866373173,7.206876137615204,6.623570954756822,10.018121428367468,11.023571301698446,10.070247546648014,6.497286982380303,7.189824558880018,6.9655665029361264
CDK1_9_21,8.952109347765012,10.138006090458704,9.125389100840476,9.84809141964358,10.634502858827744,8.019852945963592,8.773667968369192,9.916386506982382,9.626397809190689,10.088063172089528,10.380113873098352,7.769182902453678,NA,NA,NA,NA,NA,NA,NA,NA,NA,NA,NA,NA
PTN11_57_67,8.850452236797606,10.017543793713644,9.294187233746417,9.968177716392663,10.2861872166367,8.444194477969937,8.720454005099596,9.704360442650962,9.415701913184463,9.948973232374486,10.103881591535051,8.152045625101158,NA,NA,NA,NA,NA,NA,NA,NA,NA,NA,NA,NA
PTN6_558_570,8.016072406496976,9.315704979025774,8.579138013791063,9.01164921946279,9.93363498790456,8.10911608895414,8.234794841180177,9.294967467240062,9.175773135801032,9.43832110152746,9.647933521855268,7.779378669559567,NA,NA,NA,NA,NA,NA,NA,NA,NA,NA,NA,NA
EPOR_361_373,7.077420373853185,8.617068890059498,7.696245834254901,8.401684556589306,9.213860787715332,6.143984783095988,6.046866605037974,8.437614686814724,7.79539645774955,8.53108715308141,8.727149852724764,5.367476568229358,NA,NA,NA,NA,NA,NA,NA,NA,NA,NA,NA,NA
CD3E_182_194,6.423730375410222,7.9655665029361264,7.278756260745789,8.087062481863592,8.838609328060972,6.8405107386042605,6.625226370934884,7.921784810908213,7.530939976846557,8.39231742277876,8.687557253134795,6.683060812480598,9.755895322701058,11.151208052380078,10.60733031374961,6.920886495162571,7.443881834119783,7.003398576461865,9.899328419331434,10.836377918823342,9.87129504045452,6.899613429909593,7.42974227264525,6.785807141389238
EPHA7_607_619,7.996380218646368,9.044703411897078,8.435729221452625,9.324477777508385,9.777891099356395,8.424522847301002,7.879641041791007,8.836705408232174,8.535055246664744,9.41769332095019,9.528435680950968,8.02988621763403,NA,NA,NA,NA,NA,NA,NA,NA,NA,NA,NA,NA
PECA1_708_718,9.584395292126908,10.898102231843316,9.879467658310672,10.807840923423456,11.358277982857809,9.03466921097937,9.399832107712855,10.641199731122112,10.174266207823951,10.870481042505531,11.11401238196276,8.912324481659146,NA,NA,NA,NA,NA,NA,NA,NA,NA,NA,NA,NA
PLCG2_1191_1203_C1200S,9.29097516655845,10.466143813881326,9.622120905774642,10.925960243553122,11.372824002724226,9.578710907149302,9.011121745126584,10.26714001246952,9.7639952573799,11.061816946503946,11.24279212498806,9.44653714972836,NA,NA,NA,NA,NA,NA,NA,NA,NA,NA,NA,NA
PGFRB_572_584,9.196520937776,10.123779793581834,9.630249951005844,10.224001674198105,10.508542266810696,9.154531547318935,9.158157130309895,9.77950256453503,9.794231931239144,10.466413192382388,10.392155385934553,9.13122604086276,NA,NA,NA,NA,NA,NA,NA,NA,NA,NA,NA,NA
CD3Z_105_117,6.2564980042379394,7.9655665029361264,7.1815976597334155,8.190570137729113,9.014283702209564,6.188705467648036,5.749837811880689,7.884256931317792,7.225184696028141,8.37831530705255,8.56483254168678,6.199857507519143,NA,NA,NA,NA,NA,NA,NA,NA,NA,NA,NA,NA
PGFRB_1014_1028,6.095446785483036,7.803948320614355,6.7417213626763175,8.396200857265988,8.734837411097164,6.056714390994322,6.0143889815208,7.458503342975745,7.032383670723183,8.416578471274331,8.390858435591323,6.278405623961735,9.024773787261202,10.502099981142434,9.77534627985789,6.627430641861614,7.081847674147214,6.261474045281533,9.06893034070396,10.146196399881314,9.242095534504108,5.964695047131381,6.9625141018318555,5.496081219634906
CD3Z_77_89,6.498491738225587,7.768933322824842,7.117569596381176,6.08746284125034,6.999149103460508,5.13781281628856,6.7263788390567,7.313738697074016,7.561233899160157,6.790240901193757,6.8223453523055415,5.485183765078708,NA,NA,NA,NA,NA,NA,NA,NA,NA,NA,NA,NA
ERBB2_1241_1253,5.384519052218353,5.865470668228538,4.914131238364778,7.054668304931765,7.242544986216797,4.343541907993425,5.339513906193323,5.870132045598401,5.186464677592244,6.944504887408296,7.028218843809729,4.696245834254901,8.224092710326287,9.527255682896522,9.015441352302666,6.693092401216027,7.2522191230759585,6.406505865657727,8.462984485783325,9.393451171395764,8.425789897588517,6.325326671349227,6.528877931516191,5.952439068950514
TEC_512_524,5.90598295478532,6.652540610525774,6.052619312908762,6.955951414059405,7.150896830051029,5.166897308744745,5.491248065898962,6.2328055402758595,6.482142028677033,6.554588851677638,6.8276273170838655,4.8092979459753975,7.799067750868808,9.06324243399182,8.412270248628637,5.655783837910853,5.7427384194973525,4.975983118881465,7.804191916231799,8.666676213677793,7.935415268915154,5.423096084329049,5.785807141389238,5.44700522793748
JAK2_563_577,6.041090866533816,7.486398666237567,6.796131464154624,7.550529003657283,7.789748933570613,6.016913382936346,6.350230353171451,7.2864487876719375,6.801998073557125,7.358879231060254,7.597666090647371,5.249359468936717,8.767060098098279,10.209591301574324,9.580276347051337,6.0152309395493,6.738665883156045,6.06079787812726,8.779006920781674,9.765246999283848,8.919088183878447,5.787779383720844,6.16082279433506,6.182722275906427
RAF1_332_344,7.6611730673412755,8.721615127931598,7.960111247850735,7.973819184111152,8.635119175693315,7.117177506409776,7.799800889721321,8.474968602956709,8.314935883472657,8.192060140485763,8.311169947435404,6.77292142499373,8.838847141469717,10.243757806903275,9.578995658959345,6.599070720337618,6.936082308323302,6.794661076691631,9.092158760554208,9.88966179730391,8.934747920954342,6.596822655931217,7.006365777533148,6.603556367296421
PGFRB_1002_1014,7.002974191978473,8.145523657952179,7.516443380557312,8.598087623167794,9.052311712955737,7.513466909435738,6.656863295530154,7.873618221376648,7.873386071558642,8.904052319971669,8.75878889122636,7.359210846977331,8.37684208341877,10.077974529964749,9.477032708764336,5.316473664795255,6.108918905185518,4.849508373472549,8.70501286207188,9.716835635131831,8.586945976489977,4.522377963343134,5.911420254089033,3.4420045468791134
MET_1228_1240,6.056714390994322,7.231719309800987,6.428794689661503,7.263955644440216,8.075605282348228,6.1577759187761965,6.023623604525899,7.290975166558451,6.909157202580464,7.691776433742781,7.9134539697313135,6.093056238058042,8.80577428597757,10.161250745603605,9.487612545182456,6.4942706838931334,6.983316313230586,6.250790004543158,8.81499049140594,9.690920410735329,8.95177955120605,6.187958924272574,6.838133583607893,5.871992387623929
FER_707_719,7.930737337562887,9.2340717763657,8.425631577144912,8.879294253990558,9.365332032298308,7.337495680113348,7.742738419497352,8.965348688330007,8.607190713861662,8.737773481299621,8.967851573056612,6.879872187356011,9.850511207757204,11.302380271993414,10.677985508825818,7.226639392436634,7.524153588232985,7.206507586063605,10.047072454369976,10.982455516641272,9.941462917784696,6.911872438716113,7.438242628082914,6.908250987072722
KSYK_518_530,5.0067891656626395,6.477872794833958,4.712948713047671,5.360867784153708,6.093853527407369,4.783832199204181,4.717094391305224,5.693092401216027,5.831456635963484,5.74070358835482,5.840035620852268,4.257921482440142,NA,NA,NA,NA,NA,NA,NA,NA,NA,NA,NA,NA
MK12_178_190,4.883104342744153,4.424364387743383,4.69203972328469,5.013546531837948,5.846673072774412,3.92313123661573,3.775905283432552,4.444507054082283,4.939191087511829,5.694144311609613,5.511678074685925,4.190942782711396,5.952439068950514,7.394584029750706,6.849036210142893,4.991468366378883,5.535348745809463,5.040263870213727,6.120702485866139,6.937415462621977,5.884026487256782,4.202816882999687,4.302746681683742,4.232081477504882
MUSK_548_560,4.710871398015062,5.377988054007958,4.401362562381768,5.1393582851464625,5.117569596381176,3.3910206181603084,5.190942782711396,5.912324481659147,4.43195088221519,4.843832188940347,5.74070358835482,4.17897014104532,NA,NA,NA,NA,NA,NA,NA,NA,NA,NA,NA,NA
MK10_216_228,7.106550595421023,7.770928751968525,7.10734046406429,7.21422746583165,7.930291028188596,7.012281934204701,7.289235931819914,7.586945976489977,7.861262512476152,7.76968193222029,7.791715798280014,6.653622496621386,7.820178962415188,9.095546305714915,8.493817694709165,5.7739167303390975,5.940078081109329,5.535348745809463,8.055896304756983,8.806747190029203,7.818974005324438,6.031967728658636,6.455714926910019,6.1691686737495575
RB_804_816,5.839084915683835,7.083454238946743,6.428162621725483,6.8863292731262025,7.198746174784085,5.662248501636984,6.437614686814725,7.050978021445177,6.845726732930123,7.007635569348336,6.718645954502868,6.085860736653839,NA,NA,NA,NA,NA,NA,NA,NA,NA,NA,NA,NA
IRS2_626_638,8.499845887083206,9.570213730472762,9.088363243857009,10.53608223255102,10.741912115453108,9.638538372062898,8.387773497633813,9.307308226851095,9.05405391282614,10.576002958142167,10.64762812134448,9.41641913668464,NA,NA,NA,NA,NA,NA,NA,NA,NA,NA,NA,NA
PDPK1_369_381,7.175208222249121,7.817526727114895,7.050156674972159,8.268199908469846,9.230360370605824,7.420238318374695,6.277704094630679,7.518523262554087,7.527698295276397,8.451366650082804,8.470831510630537,6.947154465822246,9.581626952248488,10.413947197637569,9.817285372862406,7.066901518768023,7.717353101077439,6.987183554672969,9.175867266557656,10.037469252551558,9.605724098904972,6.733558992722957,7.18084742828599,6.44700522793748
FGFR2_762_774,6.294447358465256,6.713467574783488,6.338841477823709,6.8904650476954075,7.581271652396702,5.816077995571342,5.774911349503546,6.564976300845974,6.776401993728692,7.1374261902535805,6.869666585023017,5.119136891528137,7.718904386217108,9.09465037638697,8.497286982380302,6.336822310187057,6.711910429418194,5.557481764299049,7.9670902850900385,8.793802658094652,7.972952700577064,6.046866605037974,6.4173748803703985,5.412909316209802
AMPE_5_17,4.813176160786325,4.543542573341176,4.496081219634906,3.4013625623817676,4.5505290036572825,2.154722594798643,3.660096830781936,3.4668363998590492,4.163863248655111,4.101802280522859,4.133166451432195,4.388423506674269,NA,NA,NA,NA,NA,NA,NA,NA,NA,NA,NA,NA
CDK7_157_169,6.502700478566667,7.283656248612978,6.617484792154596,6.5033007261479865,6.743754759828845,6.614154213435939,6.862666595351835,7.017753869438935,7.06405636633549,6.488825403632107,6.502700478566667,6.243623099387573,NA,NA,NA,NA,NA,NA,NA,NA,NA,NA,NA,NA
CRK_214_226,3.926715573964768,6.010171805057292,5.1409021002118,6.910062849214654,7.623570954756822,5.45447389884133,4.117569596381176,5.967307836932552,6.054258739268009,7.572718099430521,7.233529239834997,4.498491738225587,NA,NA,NA,NA,NA,NA,NA,NA,NA,NA,NA,NA
PRGR_786_798,5.423096084329049,6.518820143929944,6.106550595421023,5.891382500852488,6.957704385163156,3.897788388501266,4.237863830098888,6.4077888315412,6.5928800943184385,5.919537971891721,6.264309810402689,5.097038285965324,NA,NA,NA,NA,NA,NA,NA,NA,NA,NA,NA,NA
EPHA1_774_786,7.590622355139525,9.028114568934118,8.27945727875807,9.418011691257316,9.951889491769329,7.928280925631354,7.599912842187128,8.996913109370444,8.33581166563372,9.484575930630749,9.773294744970167,7.608865021640556,NA,NA,NA,NA,NA,NA,NA,NA,NA,NA,NA,NA
EGFR_1165_1177,5.51406269513113,5.265017881602615,5.317839206819484,6.904165958271983,7.484271917345273,6.595697308728378,5.202816882999687,5.1393582851464625,6.296526669477448,7.218620349329904,7.032383670723183,5.917737977845511,6.720195850846264,7.658750405074419,7.274542984329336,6.228455702686471,5.920437127446466,5.213127151777382,6.911420254089033,7.488522284597293,6.831934586950426,5.71398624997904,5.981163357987144,5.134716902995595
EGFR_1118_1130,3.787779383720844,4.552850315567404,2.664396968215561,4.721228190812238,6.0882632268691435,4.130060540564373,3.7437547598288456,4.208717484439371,4.401362562381768,5.635119175693315,5.242185436048982,4.623018726983232,NA,NA,NA,NA,NA,NA,NA,NA,NA,NA,NA,NA
EPHA4_589_601,4.377988054007958,6.3130541442541075,5.672958981718985,4.857042046157957,4.830500258705466,3.8343219696578736,5.103386789238852,6.0269670476002695,5.849508373472549,4.932075437866779,5.308253157990286,2.481532911065751,NA,NA,NA,NA,NA,NA,NA,NA,NA,NA,NA,NA
EPHB1_771_783,7.202816882999687,8.809176583616471,7.915710296498529,8.986861680197036,9.544198990296865,6.90598295478532,7.104574029772913,8.538866086131703,7.977711932798216,9.00170028898984,9.311341339777856,6.531822809127583,NA,NA,NA,NA,NA,NA,NA,NA,NA,NA,NA,NA
P85A_600_612,8.86920097422637,10.167702159555516,9.202909265738546,10.589562822392775,10.972654726629129,9.254538425564157,8.59878990378376,9.883623121556624,9.527255682896522,10.676056860763463,10.782287392288309,9.05926792460176,NA,NA,NA,NA,NA,NA,NA,NA,NA,NA,NA,NA
FGFR3_753_765,5.51406269513113,6.718128952153351,6.134716902995595,7.109313245775888,7.480618752175165,4.288887833123355,5.439497691268539,6.460050137421001,6.2706699751821295,7.0982307602370085,7.019852945963592,2.4717518902731657,NA,NA,NA,NA,NA,NA,NA,NA,NA,NA,NA,NA
EPHB1_921_933,4.17294635341755,5.061613190407161,4.419284470379029,4.4766506896860045,4.190942782711396,4.4544738988413295,4.811238356544832,3.2087174844393713,5.582692327096329,5.089063168692182,5.247927513443586,3.316473664795254,NA,NA,NA,NA,NA,NA,NA,NA,NA,NA,NA,NA
INSR_1348_1360,3.763932641766475,3.8343219696578736,3.860794181019065,5.08746284125034,4.940964529703048,3.4766506896860045,4.679347309681533,2.9159357352115256,4.807354922057605,4.142444265020206,4.43195088221519,4.383215215671508,NA,NA,NA,NA,NA,NA,NA,NA,NA,NA,NA,NA
K2C8_425_437,5.847618792271332,7.008904244535667,6.536522145663403,6.221906256195911,6.766935129927999,4.4766506896860045,5.272079545436801,6.7457852950562165,6.471751890273166,6.537108487894961,6.313738697074016,4.330071268195977,NA,NA,NA,NA,NA,NA,NA,NA,NA,NA,NA,NA
K2C6B_53_65,8.170869853818013,9.280157956305056,8.620392754540367,7.977927888945747,8.40281097071002,7.132002518298559,8.413867387107805,9.146868828250929,9.142829548782917,8.263069848967623,8.241286168401036,7.30205689202638,7.472978150475245,8.873618221376649,8.30533045953552,4.670823237374995,4.050156674972159,3.9087041659804496,7.83265121667336,8.646983174548874,7.757154109135413,3.8266683971144384,5.760923891894137,4.243623099387573
CD3E_193_205,6.743754759828845,7.837419672645256,7.228818690495881,6.9768477847994,7.336485507327843,5.676156681678035,7.057940651196401,7.792207095761652,7.594007640324163,6.991468366378883,7.279106812330769,5.58949215920167,7.410351345609023,8.933300940504258,8.142829548782915,4.9285044087145815,5.492457873132029,5.293059484341013,7.677221008573145,8.38761094960357,7.596541401414118,4.644944605549389,5.893215658711442,5.05343925896146
FES_706_718,8.394260446696553,9.618939506025177,8.697164288679648,9.67788581437307,10.18333107715973,7.968395104329621,8.331085940637912,9.392641441879706,8.88759424036278,9.70488240178867,10.006365777533148,7.8586848060404115,NA,NA,NA,NA,NA,NA,NA,NA,NA,NA,NA,NA
CD70_9_21_C17S,8.171058750059315,8.51480708142332,8.277177723676507,8.2061389403375955,8.345886392615293,8.185342976065563,8.493817694709165,8.555602031080827,8.459895532583378,8.208717484439372,8.39069623478831,8.231900405017555,7.897331767183674,8.782843713354692,8.66359166814392,7.469910543448997,7.271374932460212,7.511379719801004,8.540621545736924,8.706447147105715,8.615265260884682,7.691776433742781,7.986110360365584,8.042743438353561
MBP_259_271,4.681470481574503,5.706707773073526,4.498491738225587,5.774911349503546,5.735603918707981,4,5.253646827339815,5.5128708775987585,6.271374932460212,5.4815329110657505,5.543542573341176,4.136265690091081,NA,NA,NA,NA,NA,NA,NA,NA,NA,NA,NA,NA
MBP_263_275,4.471751890273166,4.8092979459753975,4.346221008189306,4.082651180177948,5.056714390994322,4.818974005324438,4,4.471751890273166,5.226275855823676,5.677221008573145,5.0664954117869065,5.020272395026262,NA,NA,NA,NA,NA,NA,NA,NA,NA,NA,NA,NA
MK01_180_192,5.196892049042582,6.30343614169251,5.543542573341176,6.191687784040055,6.525927030424204,4.8092979459753975,5.695195455583901,6.119919901067514,6.059982104828233,6.109707478608206,6.254360149995084,5.036951136172892,NA,NA,NA,NA,NA,NA,NA,NA,NA,NA,NA,NA
MK07_212_224,5.1744546599228265,5.9655665029361264,4.677221008573145,6.1152154565481505,6.567848479857309,4.451988635451736,5.767934572323972,5.86920097422637,5.755895322701058,6.713467574783488,6.505699222196503,4.486398666237567,7.680409286204192,8.931071979008905,8.342703667867067,5.988041535691945,6.608028110639098,5.175961391172981,7.739939786144679,8.482903064217647,7.805165887604413,5.610815928010718,6.156250064545236,6.190942782711396
TYK2_1048_1060,5.330071268195977,6.124609054840997,6.044394119358453,6.372084769859522,6.74222998071116,5.445756681740221,5.655783837910853,6.158538241140506,6.063242433991819,6.604116093798452,6.700439718141093,5.111283333533745,7.814144087720243,8.746926216460785,8.52858311286984,6.627981183765218,7.059165869988417,6.557481764299049,7.83265121667336,8.480008990948468,7.933189574180463,6.624122971232234,6.970784212207145,6.389073222983781
LAT_249_261,8.027593081474658,8.845845059363725,8.470831510630537,10.60516499603855,10.669252784151194,9.49291128941806,7.865470668228538,8.716059088038055,8.599351482241957,10.65183018160664,10.556614499445226,9.295314102282788,9.696180207987876,11.277397068247025,10.639221239989164,7.640313156817743,8.107932581881299,7.438556496253605,9.792391289191956,10.898330438671811,9.961531599779732,7.610258795336913,8.02278653166175,7.319544318755222
CDK2_8_20,9.318095102118152,10.61776199362358,9.57828367402613,10.453425950392514,11.223250406870912,8.652134693981697,9.338925548511702,10.586804390048831,9.982832178347763,10.642903151917558,11.06364945756368,8.517037938587935,NA,NA,NA,NA,NA,NA,NA,NA,NA,NA,NA,NA
MBP_198_210,6.308939992109847,6.893215658711442,8.139744393817546,6.109707478608206,6.851395483016815,5.4766506896860045,6.344212149604035,6.813660205427969,7.201337954073774,6.667078059938473,6.578141234865142,4.915935735211526,NA,NA,NA,NA,NA,NA,NA,NA,NA,NA,NA,NA
PP2AB_297_309,5.865470668228538,6.805409277742635,5.693092401216027,5.388423506674269,6.219716483388629,5.168411949346743,5.705664986587295,6.464372359907568,6.5200070588803865,6.081847674147215,6.000850394979464,4.479093865614334,5.397493015920116,6.452610352781283,6.215326941338355,3.543542573341176,3.95858007262002,4.079434467494405,5.597385000526484,5.924924518438781,5.544709330413171,3.638401759682617,5.277704094630679,2.7558953227010576
PTN11_539_551,5.653622496621386,6.650916258647415,6.078629167422762,5.775905283432552,6.089063168692182,5.218985819893199,5.451988635451736,6.277002224005846,6.240746338632009,5.88033436741471,5.798578784573367,4.830500258705466,NA,NA,NA,NA,NA,NA,NA,NA,NA,NA,NA,NA
RON_1346_1358,6.343541907993425,7.493062396518577,7.061613190407161,6.870132045598401,7.18234750124764,5.522377963343134,6.547040017577403,7.242185436048982,7.332099899944654,6.870132045598401,6.999574614462232,4.541206224586219,NA,NA,NA,NA,NA,NA,NA,NA,NA,NA,NA,NA
ANXA2_17_29,4.4766506896860045,6.423730375410222,5.081043720356062,5.781854549763738,7.019013681809098,3.9087041659804496,4.933857643208788,6.6345713514828635,6.024460191989695,6.631829105759131,6.997445803332443,4.340857823422213,NA,NA,NA,NA,NA,NA,NA,NA,NA,NA,NA,NA
EPHA2_765_777,8.282957268443836,9.56195434613687,8.584395292126908,9.805835111706058,10.345509857302993,8.043775335286824,8.101604094515146,9.480618752175165,9.0408841618926,9.837241139691631,10.213173014954815,7.722259792601554,NA,NA,NA,NA,NA,NA,NA,NA,NA,NA,NA,NA
JAK3_974_986,6.438870296154981,7.356887933241163,6.751859809465901,7.632377972054847,8.10852445677817,6.150130458165338,6.723805813511308,7.767934572323972,6.915033768917133,7.742738419497352,7.923803978544865,6.0664954117869065,8.854456781077493,10.15410159796666,9.533807208742722,6.2805081675073815,6.975983118881465,6.493062396518577,8.806260820015025,9.708791087574015,9.01164921946279,6.619147202602671,7.015651734372436,6.442004546879113
VGFR2_944_956,6.760421822969325,6.843358163951397,6.668149103076669,6.653622496621386,6.757908854138706,6.567848479857309,6.742229980711159,6.894131364893178,6.877095993348165,6.853280127361758,6.858919333398628,6.177466550454932,6.081847674147214,6.793679985160528,7.035706897164429,5.226275855823676,5.059982104828233,4.263601391512497,6.768434034001416,6.790240901193757,6.662248501636984,5.5282882339641874,6.146292480267675,5.587229107693101
VISTA_260_270,6.566125858708301,7.036951136172892,6.8863292731262025,6.421826664941483,6.824268304993951,6.798578784573367,6.891841008735225,7.061205591862032,7.040263870213727,6.895503835306712,7.12187556768241,6.743246679161193,5.894131364893178,6.649290075825353,6.549948091613642,5.35821577046411,3.416737788268683,5.2522191230759585,6.8863292731262025,7.074595910558024,6.377988054007958,5.921335722954115,5.888628389215791,5.616375453352618
FAK2_572_584,7.813418203407627,8.52622239229255,8.019433374914863,8.856337433181368,9.161678569965227,7.640313156817743,7.6083071349201905,8.478025485212562,8.243982291482268,8.996806546971246,9.115117283975495,7.447317195727837,9.481075904027172,10.893759429351926,10.265327553507465,7.507196259833051,7.790732701110191,7.527993294774591,9.646779447225102,10.589810116309174,9.78586881479059,7.451366650082805,7.816561067747592,7.242185436048982
KIT_930_942_C942S,8.1240237434363,9.225639446241802,8.411630897835595,9.219351197897147,9.726828647103735,7.799800889721321,8.17351215316631,9.088063172089528,8.815594761588969,9.246494135242328,9.494874448304913,7.625777754484836,NA,NA,NA,NA,NA,NA,NA,NA,NA,NA,NA,NA
CD28_203_215,6.83336749060163,7.434470874193706,7.183096953233787,7.067713389943579,7.349229061026534,6.7417213626763175,7.416737788268684,7.6726921865188,7.411950608649288,7.308939992109847,7.201707828461363,6.730486158673334,6.940078081109329,7.734581818034065,7.627705939074716,6.1924324008518825,5.6362142004448526,6.026131912965726,7.261119182399192,7.561522121125133,7.375367353848823,6.180472166210551,6.6702888069036526,6.56956904659778
MK08_181_191,7.439184027816735,7.732279440496384,7.348561146643823,7.477567365587366,7.883565488677722,7.246135568062432,7.53740156967167,7.971001207776614,7.997232749349793,7.961640799722326,7.873850333844511,7.246494135242329,7.4023283294874895,8.684252411260587,8.415303301560652,6.453231802302367,6.210924002902972,5.931183508910463,7.818250547704151,8.32005545960765,7.873153884378469,6.126168725307375,6.8480914196435805,6.540621545736924
VGFR3_1061_1073,7.0758070719899155,7.683325697277245,7.036536509056691,7.063242433991819,7.534174390806981,5.586096249338159,7.127726711464067,7.557192733938293,7.58467892429943,7.480313903776589,7.500898235932682,5.557481764299049,7.642766952244019,8.612764199800239,8.21989909145683,5.348895142487632,5.935637649654074,5.785807141389238,7.432266122037463,8.287668825834194,7.77813913426475,5.438242628082914,5.963823064608076,5.139358285146463
VINC_815_827,5.410351345609023,6.451988635451736,5.240746338632009,6.386472600304108,6.59005736784392,4.817043978226038,5.35821577046411,6.074595910558024,5.379296621028184,6.201337954073774,6.500898235932682,4.2522191230759585,NA,NA,NA,NA,NA,NA,NA,NA,NA,NA,NA,NA
ZBT16_621_633,5.516443380557312,6.129283016944966,5.639494296683629,5.2706699751821295,6.498491738225587,4.310998534729103,5.565551194274936,6.025296294615756,6.385170528879182,6.095446785483036,6.112857469031855,5.0681191542665704,NA,NA,NA,NA,NA,NA,NA,NA,NA,NA,NA,NA
AKT1_170_182,5.800533656201591,6.127726711464067,5.757908854138706,6.240026251249509,5.097038285965323,5.676156681678035,5.932075437866779,6.077017217488709,5.751859809465901,5.848563892233653,5.896875001297039,5.978575563497989,NA,NA,NA,NA,NA,NA,NA,NA,NA,NA,NA,NA
AKT1_309_321_C310S,6.221906256195911,6.590622355139525,5.9820249256692986,7.674292218151443,8.046042913870359,5.693092401216027,5.864536582704882,6.5505290036572825,6.610815928010718,8.009326888464539,7.663323134864243,5.885869009909381,7.587229107693101,8.742992571711678,8.315961253125549,5.81026847748922,6.618039141840914,5.695195455583901,7.366487178518009,8.08144575325288,7.59878990378376,5.133166451432195,6.320566419429137,5.319203457550827
CD28_185_197,5.204294297405187,5.403936506045594,5.130060540564373,5.234975550774061,5.783832199204181,5.015230939549301,5.808326761124929,5.540036629839641,5.485183765078708,5.269259026374423,5.6119295483214255,5.031967728658636,NA,NA,NA,NA,NA,NA,NA,NA,NA,NA,NA,NA
VGFR2_1046_1058,6.213860787715332,6.940521373489799,6.996593398556751,6.756902439698947,7,5.888628389215791,6.233529239834997,6.910515459427272,7.034046240818893,6.657402721612673,6.579849577327504,5.435729221452626,7.441378241229646,8.187772228052205,7.525631608074264,6.207981227704388,6.044394119358453,6.180472166210551,7.4077888315412,8.0836549338126,7.554878404120333,6.227002837467121,6.370769642110394,5.163863248655112
CDK4_11_23,6.78432618826598,8.004246971100185,6.955951414059405,8.084457434203694,8.844898176047504,6.248643668852131,6.538280457935762,7.92582032414337,7.497889486060344,8.23750311124693,8.613598368682045,5.960329854569979,9.562602440952633,11.053849057299932,10.386106511478063,6.281208334976058,6.795641501493814,6.097038285965324,9.54339666233818,10.6098059665644,9.605025186459908,6.1691686737495575,6.796131464154624,6.173700703782913
VGFR2_989_1001,8.592598070069492,9.876285262761565,8.9405213734898,10.299424039206862,10.75012232658734,8.749458371636301,8.62163723205732,9.806321625234553,9.240206306793066,10.267890852563466,10.562314434754962,8.541790666579583,NA,NA,NA,NA,NA,NA,NA,NA,NA,NA,NA,NA
NPT2A_501_513,5.9533179572146055,6.422461514254649,6.396847081259275,6.3555588727686425,5.527108115255531,5.948918151910955,6.182722275906427,5.778882983232447,4.543542573341176,5.5689957523160905,5.654703572011717,5.935637649654074,NA,NA,NA,NA,NA,NA,NA,NA,NA,NA,NA,NA
MK03_199_208,6.2522191230759585,6.4007183582893985,5.465604905938016,6.698868440032363,7.071361166958723,4.944504887408296,5.364836686356654,6.2572099189037,6.627981183765218,6.9655665029361264,7.011438252870196,5.079434467494405,NA,NA,NA,NA,NA,NA,NA,NA,NA,NA,NA,NA
GSK3B_210_222_C218S,6.627430641861614,7.377333325137684,6.7867935995752875,6.766435148969646,7.1366526272104425,5.873850333844511,6.9050747425797585,7.179345793967866,7.2522191230759585,6.794170614323865,7.003822836144643,5.856102485694342,7.1366526272104425,8.325835767998946,7.556614499445226,5.400073866413195,5.7376459502462005,5.398784018279991,7.249359468936718,7.879409859186412,7.570428561094987,5.016913382936346,5.753878977102553,5.195407030855994
MAPK3_198_210_C203S,5.213127151777382,6.352897073045129,5.955951414059405,6.68940466311672,7.374055216386032,6.021110927477004,5.552850315567404,6.653622496621386,6.374711434291769,6.940521373489799,6.952878580009782,5.709831617760404,NA,NA,NA,NA,NA,NA,NA,NA,NA,NA,NA,NA
ARAF_297_307,6.791715798280014,7.377333325137684,7.127726711464067,7.128115945255956,7.495779621423107,6.366157231108706,6.741212565266392,7.473897162104723,7.370769642110394,7.264309810402689,7.368465279889452,6.2057702003890345,8.052619312908762,9.144754425707406,8.59146942143701,6.668149103076669,7.027801699079083,6.517037938587935,8.177090407827096,8.90632338701427,8.356057413938457,6.497286982380303,6.886789389552009,6.276300011754996
ZAP70_485_497,6.585529486399858,7.47878869479545,6.756398969081068,7.77515989718973,8.158347698309761,6.016913382936346,6.317156597371742,7.511379719801004,7.026131912965726,7.593443977476247,8.000425260147779,5.678284550855655,8.713467574783488,10.12070248586614,9.439340868067026,6.3555588727686425,6.600193440270457,6.026131912965726,8.674825167932491,9.754950511577183,8.847618792271332,6.372741884442,6.6378551807630695,5.937415462621977
PDPK1_2_14,9.574290051985605,10.480885441692957,9.926044188685816,9.775905283432552,10.224911777080225,8.94979918707781,9.73987611770358,10.270846246798316,10.240656347362236,10.065886036892572,10.095148183590034,8.747179632066723,9.620945988193352,11.01415209226586,10.495892728141296,7.033215195265448,7.493666666701606,6.932966815739367,9.750722784548865,10.597560688269906,9.801021960501696,6.81026847748922,7.599070720337618,6.926715573964768
FAK1_569_581,6.517037938587935,7.227002837467121,6.646032200806994,6.6590197907611115,7.442004546879113,4.888628389215791,6.57414721796332,7.3717561002964445,7.160061678495255,7.083855600763461,7.229544392242012,5.419284470379029,7.897788388501266,9.319970282040636,8.761927505876098,5.929397995018088,6.133941885495952,5.637308394688346,7.935637649654074,8.700832270419843,8.13877892831883,5.453231802302367,6.381257248792076,5.94803657837855
AKT1_320_332,5.916837137953058,5.932966815739367,5.030302760163526,6.945830284874864,6.936526829984772,5.165381076297364,5.045218752156492,5.8092979459753975,6.3495629022963085,6.8146278077720135,6.893673584454341,5.253646827339815,7.356555782890694,8.661576449153182,8.166328908301033,5.620807699667878,5.751859809465901,5.133166451432195,7.385170528879182,8.3139097845383,7.807354922057605,5.405221757837402,5.848563892233653,4.956828165858426
MK12_180_189_M182B,5.596260092055542,6.240026251249509,5.625226370934883,6.250790004543158,6.729460424509337,4.706707773073526,5.6590197907611115,6.213860787715332,6.387123195598511,6.657941946078262,6.741212565266392,5.4900372433009155,NA,NA,NA,NA,NA,NA,NA,NA,NA,NA,NA,NA
PLCG1_777_789,3.986325063102924,4.901436165516411,4.888628389215791,5.148596492001801,5.242185436048982,3.416737788268683,4.16082279433506,4.828585600108729,5.7243207858676195,5.100216029630908,5.647118976783726,4.505699222196503,4.625226370934884,6.074595910558024,5.465604905938016,5.100216029630908,4.72329065726913,4.644944605549389,5.126947928697037,4.783832199204181,4.274894561043856,3.1362656900910815,4.706707773073526,4.698344300138899
SHC1_309_321,5.4815329110657505,6.105760294091543,5.841935153767749,6.145523657952178,5.632926629616466,5.884026487256782,5.768933322824842,6.052619312908762,6.101802280522859,6.148596492001801,6.077823417588419,5.483967839982805,NA,NA,NA,NA,NA,NA,NA,NA,NA,NA,NA,NA
STAT2_684_696,6.234975550774061,6.662785918309576,6.7376459502462005,6.507495481039327,6.06079787812726,6.719162771646453,6.321247417808971,6.654703572011717,6.57643086710004,6.458812834565667,6.545875144651066,6.8290645030312644,NA,NA,NA,NA,NA,NA,NA,NA,NA,NA,NA,NA
41_654_666,7.507794640198696,8.467605550082999,7.6119295483214255,8.50659763117679,9.24989608603083,7.233890953523964,7.513168924297656,8.550819371986911,8.297911213768828,8.736370019287568,9.034876807935031,6.881258283578781,NA,NA,NA,NA,NA,NA,NA,NA,NA,NA,NA,NA
PAXI_24_36,8.82426830499395,10.00254968262102,9.305502546974251,10.44399908350348,10.794231931239144,9.32846324258282,8.69203972328469,9.728818970121068,9.476956313040796,10.586414955672662,10.705338961176112,9.235878759368571,NA,NA,NA,NA,NA,NA,NA,NA,NA,NA,NA,NA
EPOR_419_431,5.567848479857309,7.122266383082575,6.118353456786708,7.271374932460212,7.668149103076669,4.5128708775987585,5.921335722954115,6.963823064608076,6.490642781627072,7.229544392242012,7.641949484071676,4.775905283432552,8.778263135729512,10.288800795324114,9.596752347442164,5.906890595608519,6.457574469647667,5.70462144582506,8.864302966796204,9.78074092945303,8.978575563497989,5.677221008573145,6.279807660069055,5.757908854138706
BTLA_252_262,7.767684776627584,8.325496390194301,7.856337433181368,7.757657316339988,8.31544865939449,6.573004036413102,7.760421822969325,8.313054144254107,8.494270683893133,8.069741071290562,8.179533583755425,6.640586006944493,8.387773497633813,9.703185343679438,9.192246282675672,5.101802280522859,5.45447389884133,4.993178734143986,8.445912809118859,9.263867089362948,8.657941946078262,4.725350179447425,6.282607651323286,5.544709330413171
PGFRB_771_783,5.7263788390567,6.806868756917068,6.1470608930905755,7.21935119789715,7.828825071441488,6.288887833123355,5.154722594798643,6.511081303202384,6.797110890560801,7.467144109157622,7.696508309474563,5.911420254089033,8.049334860628724,9.312283633873628,8.708530837723776,5.377988054007958,6.21239314258277,5.632926629616466,7.909836490848945,8.791347215342292,8.024041958897655,5.43068923365128,5.927610268592444,4.266432982295659
CTNB1_79_91,5.403936506045594,6.824748642951073,5.339513906193323,6.641676891715478,7.24182579625131,3.822826330820044,5.35954238668714,6.13781281628856,6.119919901067514,7.171436468359912,7.227729452965175,4.305502546974251,NA,NA,NA,NA,NA,NA,NA,NA,NA,NA,NA,NA
PGFRB_768_780,6.546457698683164,7.4218266649414835,6.906436846574778,7.593443977476247,8.188518868017578,6.619147202602671,6.508691745652553,7.04480649467665,7.0394363995624865,7.723033010149793,7.919537971891721,5.924028156160247,8.465604905938017,9.784079214878252,9.112267369477284,5.9533179572146055,6.521192998150529,5.6676136808991036,8.41051135171365,9.308510759105316,8.754761475079668,6.208717484439371,6.277704094630679,5.873850333844511
DCX_67_79,7.961859174814076,8.639494296683628,8.202816882999688,8.12947743713809,8.483055223163197,7.685971873809444,8.23425257654651,8.54237487190884,8.475733430966399,8.483055223163197,8.521785602406506,7.622466287749643,7.95441581514818,9.02456473132099,8.721099188707186,6.525927030424204,6.625226370934883,6.527698295276397,8.142444265020206,8.673492424150979,8.013757190382659,6.795641501493814,7.040677427631175,7.1029908251795835
NTRK2_696_708,8.330071268195978,9.319203457550827,8.703838294602958,8.253468441554007,8.80163210855092,7.034461584147194,8.525483874210956,9.275070317277354,9.180659809449535,8.508841209008386,8.695852031866517,6.8584502405507655,8.904847600165546,10.306448661143538,9.791039990945192,6.44700522793748,6.900525085573983,6.440124813660891,8.973169370253958,9.819456108934904,9.168128075333913,6.59794712601222,6.824748642951073,6.450744396443273
DYR1A_312_324,6.506896976554125,7.205032437631516,6.628531515658556,6.405221757837403,7.10694558379882,5.040263870213727,6.398784018279991,7.123828586852858,7.281558291324866,6.9858956256713,7.004246971100186,5.653622496621386,NA,NA,NA,NA,NA,NA,NA,NA,NA,NA,NA,NA
PTN11_541_551,5.641676891715478,6.451988635451736,6.201337954073774,5.814144087720243,6.254360149995084,5.072979445357106,6.181222592776699,6.461286380033825,6.4754275484165635,6.21825478616036,6.200597920694691,5.286100015751735,NA,NA,NA,NA,NA,NA,NA,NA,NA,NA,NA,NA
VGFR1_1040_1052,5.605234895747418,6.391020618160309,5.7243207858676195,5.951559644942247,6.5033007261479865,4.677221008573145,5.168411949346743,6.0994222496709165,6.426897654488905,5.842883983161298,5.729460424509337,4.90870416598045,7.071361166958723,7.966437432658253,7.604395875636018,4.932075437866779,5.834321969657873,5.435729221452626,6.332099899944654,7.675091569011798,6.939191087511829,4.346221008189306,5.0269670476002695,5.13781281628856
EGFR_1103_1115,4.148596492001801,6.1691686737495575,5.00170028898984,5.74070358835482,7.018593866575265,4.321928094887363,4.543542573341176,6.770430153366401,5.846673072774412,6.159300160905186,6.6345713514828635,3.486398666237567,NA,NA,NA,NA,NA,NA,NA,NA,NA,NA,NA,NA
CD3Z_135_147,5.621913636894048,6.644944605549389,5.330071268195977,6.304125272367609,7.659019790761112,3.515253528909752,5.025296294615756,6.279106812330769,5.825708839353165,6.843832188940347,7.4310047492437645,4.111283333533745,8.266609772326012,9.61699956138552,8.882181608436467,3.4668363998590492,5.0067891656626395,3.8457267329301232,8.132196572376582,9.22881869049588,8.377005849244577,4.917737977845511,5.388423506674269,3.7437547598288456
PTN11_580_590,7.747559672032275,8.64208576093768,8.086261429627081,8.341864940420104,9.062122526702264,7.674025669413338,7.678550313966086,8.335643156021792,8.418170850068321,8.722517577832454,8.726892893949325,7.461595275236994,8.847146010015457,10.20609285299781,9.514211603119174,5.771925432520007,6.670823237374995,6.075403464478292,8.895389512628187,9.831217601079183,8.993178734143987,6.055896304756983,6.43068923365128,6.063242433991819
MPZL1_235_246_H235K_Q236K,7.911872438716113,8.558348508116582,8.058349173085267,7.83932265071624,8.395715999240625,6.441378241229646,8.037365644160484,8.53974408293792,8.670422433082685,7.994887076606347,8.11088953114536,6.354228586790673,8.607888578259194,9.937359939115096,9.471981893468692,6.116785309848739,6.096242755180959,5.388423506674269,8.538426887272694,9.459663594257396,8.792575459108704,5.604116093798452,5.941850433962319,5.17897014104532
IRS1_890_902_P890K,5.511678074685925,5.7315111640740986,4.313738697074016,6.089862667211334,6.354228586790673,4.411630897835594,4.9050747425797585,5.366157231108706,5.930291028188596,5.761927505876099,6.153193506111897,3.681470481574503,NA,NA,NA,NA,NA,NA,NA,NA,NA,NA,NA,NA
LCK_387_399,5.7315111640740986,7.197633985310356,6.190197396468574,7.573004036413101,8.057532013595344,5.016913382936346,5.493666666701606,6.898701197795172,6.036951136172892,7.364175960427592,7.851395483016815,5.195407030855994,9.418568670294444,10.842854341686492,10.205124678611112,6.959017717107188,7.1539582530372465,6.6967707369497544,9.51383930432717,10.469910543448998,9.71625326400114,6.8276273170838655,7.167654827817485,6.590622355139525
JAK1_1027_1039,6.25578573809615,7.705925753879625,6.751859809465901,8.09564581908215,8.576716069244071,6.162343822457911,6.238584997342542,7.654163135578767,7.400396148340345,8.148404631500037,8.401523568468749,6.046866605037974,9.600333718849097,11.036951136172892,10.422342501285978,6.849980382323771,7.29479411848156,7.06364945756368,9.662046918761424,10.659120797426873,9.77229901028073,6.676156681678035,7.2280926235249,6.78135971352466
MET_1227_1239,6.955512838272203,7.963386875627916,7.072575045903613,8.060797878127259,8.735859330772186,6.895503835306712,7.271022496879886,7.905755955329123,7.785560421415847,8.437928691613198,8.713337876842925,6.754383327759984,9.047484064940782,10.420238318374697,9.922738658903878,6.762429051176088,7.047278274334786,6.624674776571105,9.078629167422765,10.01559914173109,9.307737817730873,6.71398624997904,6.991040457421011,6.654163135578767
YES_420_432,4.36219196510109,6.818491740556153,5.676156681678035,7.230632260867812,8.008270046397728,4.403936506045594,4.580418575576208,6.632926629616466,6.07055134653842,7.285751159495438,7.847618792271331,4.111283333533745,9.410991263579543,10.846761760317296,10.193130130246384,6.616375453352618,7.042330472831666,6.509887019159937,9.426660349604598,10.415422896612398,9.5321904965269,6.257921482440142,7.00170028898984,6.361530026552708
PGFRB_709_721,7.895503835306712,9.062937090936416,8.440438272660687,8.185903935844864,8.601595612643335,7.2864487876719375,8.146100313095777,8.815594761588969,9.021425251536686,8.359873850224702,8.474203369267261,6.960766968659337,8.110101603741347,9.552560355755174,8.805652626826603,4.817043978226038,5.907797665767849,4.9620775168562465,7.9740357237049375,8.914695386121894,8.292017701861596,5.496081219634906,5.578141234865142,5.461904104316819
PRRX2_202_214,7.183471533280261,8.213127151777382,7.391020618160309,8.0466607263304,8.718258220111046,6.960766968659337,7.1327785780487885,8.165570692521714,8.237322717993692,8.145908120323776,8.434470874193705,6.867337026885837,8.577856314346612,9.914413339818696,9.39660478118186,5.835275817653538,6.251504740768274,5.774911349503546,8.569998867855507,9.496081219634906,8.759793991008118,5.86920097422637,6.2522191230759585,6.023623604525899
NCF1_313_325,6.796621260472651,7.261119182399192,7.2482856355854,6.999149103460508,7.280157956305058,6.975117934423218,7.202447292875752,7.217889130337622,7.427214000294556,7.210924002902972,7.034876807935033,6.936526829984772,7.283656248612978,7.63320088017159,7.700439718141093,6.533586854638856,6.178218541632181,6.817526727114895,7.31681517149371,7.813418203407627,7.493666666701606,6.620807699667878,6.657941946078262,6.677752877718667
TYRO3_679_691,6.130837645372222,6.97165199872407,6.478483459410648,6.461904104316819,6.992323803724367,5.782843713354692,6.540621545736924,7.185342976065563,7.237142302181429,6.81026847748922,6.857042046157957,5.587229107693101,NA,NA,NA,NA,NA,NA,NA,NA,NA,NA,NA,NA
CD3Z_117_129,NA,NA,NA,NA,NA,NA,NA,NA,NA,NA,NA,NA,8.535935565032883,9.961476996708708,9.292278218016197,5.556325295266471,5.856102485694342,3.9087041659804496,8.475733430966399,9.61602860997052,8.651728663196835,4.793679985160528,5.171436468359912,4.123828586852858
ERBB2_870_882,NA,NA,NA,NA,NA,NA,NA,NA,NA,NA,NA,NA,8.628393952364922,10.01323048633501,9.513615878927418,6.426264754702098,7.080641575394326,6.401362562381768,8.707359132080883,9.79017941441467,8.915146545547318,6.037780033087902,6.580987349500741,5.548203950711039
CALM_95_107,NA,NA,NA,NA,NA,NA,NA,NA,NA,NA,NA,NA,6.6135983686820445,8.19726306487101,7.667881416826548,3.944504887408296,4.232081477504882,4.17294635341755,6.604116093798452,7.770679474207061,6.7931891890881335,2.3806040022149704,4.9620775168562465,3.3648366863566537
ANXA1_14_26,NA,NA,NA,NA,NA,NA,NA,NA,NA,NA,NA,NA,9.26952368440694,10.61942408486835,9.9606030663956,6.433841288741476,7.048101260689613,6.451988635451736,9.376104907068216,10.282520233803286,9.465219848407536,6.4007183582893985,6.983316313230586,5.888628389215791
ERBB4_1277_1289,NA,NA,NA,NA,NA,NA,NA,NA,NA,NA,NA,NA,6.979438677517684,7.508093737336886,6.348895142487632,6.230632260867812,6.397493015920116,5.931183508910463,7.044394119358453,7.187585507668732,6.793679985160528,5.565551194274936,5.753878977102553,5.306878508014068
INSR_992_1004,NA,NA,NA,NA,NA,NA,NA,NA,NA,NA,NA,NA,6.4815329110657505,7.733558992722957,6.94759558951958,5.249359468936717,5.694144311609613,5.718128952153351,6.01101622711294,7.231357051157303,5.974252230802349,5.036951136172892,4.935637649654074,4.375367353848823
NTRK1_489_501,NA,NA,NA,NA,NA,NA,NA,NA,NA,NA,NA,NA,5.563250244758661,4.217523381814712,5.255073120131112,4.901436165516411,5.502099981142435,5.436986472112489,4.444507054082283,4.013546531837948,5.527108115255531,3.6119295483214255,4.88678938955201,5.1144298888506095
CD3Z_116_128,NA,NA,NA,NA,NA,NA,NA,NA,NA,NA,NA,NA,8.232262527268675,9.760986638226251,9.093554595533336,3.7558953227010576,5.532999079099706,4.17897014104532,8.156250064545237,9.245507860976902,8.404579275065311,4.642766952244019,5.1160005967258355,2.9014361655164107
PLCG1_1246_1258,NA,NA,NA,NA,NA,NA,NA,NA,NA,NA,NA,NA,6.2414660667790836,6.646575691128317,6.751354575687007,6.171436468359912,5.66868432661866,5.898701197795172,6.046866605037974,6.019433374914862,5.895046490227311,5.980301275475154,5.555167898460803,5.755895322701058
LYN_391_403,NA,NA,NA,NA,NA,NA,NA,NA,NA,NA,NA,NA,9.369700217369676,10.910826546600497,10.238494871149111,6.558059651365014,6.989755968503197,6.770928751968525,9.505699222196505,10.53747483081379,9.585246021414,6.600193440270457,6.8092979459753975,6.072170533061796
VGFR1_1049_1061,NA,NA,NA,NA,NA,NA,NA,NA,NA,NA,NA,NA,2.681470481574503,5.367476568229358,5.470524586889163,3.370111628397328,3.4420045468791134,2.9159357352115256,4.677221008573145,4.414186602739351,4.679347309681533,4.44700522793748,3.944504887408296,2.4013625623817676
ERBB3_1283_1295,NA,NA,NA,NA,NA,NA,NA,NA,NA,NA,NA,NA,5.403936506045594,4.623018726983232,4.8092979459753975,4.575860293613904,4.578141234865142,4.623018726983232,2.3806040022149704,5.0697410712905615,3.3055025469742514,4.875705890422993,4.187958924272574,3.226275855823676
MK14_177_187,NA,NA,NA,NA,NA,NA,NA,NA,NA,NA,NA,NA,6.263601391512497,6.694669979329362,6.674558717651765,5.511678074685925,4.717094391305224,5.023623604525899,6.111283333533745,6.582692327096329,5.2522191230759585,5.055077754357215,5.207244595040496,5.339513906193323
PDCD1_221_229_FS219_220KK,NA,NA,NA,NA,NA,NA,NA,NA,NA,NA,NA,NA,7.715800146093378,8.472365150661098,7.759668391822831,4.9620775168562465,5.9186382555913495,4.857042046157957,7.368794699925337,8.047484064940782,7.800777829010989,5.090661722917659,5.428162621725483,5.0697410712905615
LAT_194_206,NA,NA,NA,NA,NA,NA,NA,NA,NA,NA,NA,NA,6.670823237374995,8.318350952035924,7.879409859186412,4.969047071671088,5.86920097422637,5.013546531837948,6.958142295332215,8.087662979287824,7.232081477504882,4.5200070588803865,5.122266383082575,4.0435690149373995
